4|Harper Lee
533|F. Scott Fitzgerald
5|John Green
1184|J.R.R. Tolkien
2304|J.D. Salinger
3255|Jane Austen
3641|Khaled Hosseini
6|George Orwell
74|Erich Fromm
88|Cel√¢l √úster
275|Anne Frank
7|Eleanor Roosevelt
964|B.M. Mooyaart-Doubleday
8|Alice Sebold
483|William Golding
709|William Shakespeare
2339|Robert Jackson
10|Gillian Flynn
4653|Kathryn Stockett
11|John Steinbeck
67|Arthur Golden
359|Paulo Coelho
13|Alan R. Clarke
14|Audrey Niffenegger
2584|Elizabeth Gilbert
6727|Charlotte Bront√´
9642|Michael Mason
15|Yann Martel
22|Sara Gruen
1083|Markus Zusak
3550|Ray Bradbury
28|Shel Silverstein
29|Aldous Huxley
30|Sue Monk Kidd
226|Mark Twain
244|John Seelye
2169|Guy Cardwell
31|E.B. White
32|Garth Williams
131|Rosemary Wells
225|Mark Haddon
730|Paula Hawkins
1161|Emily Bront√´
2004|Richard J. Dunn
2601|Jodi Picoult
3079|Kurt Vonnegut Jr.
7826|Margaret Mitchell
33|Stephen Chbosky
35|Mary Wollstonecraft Shelley
1206|Percy Bysshe Shelley
2521|Maurice Hindle
5318|Stephen King
38|Tony Tanner
1481|Ros Ballaster
40|Homer
1271|Robert Fagles
2080|E.V. Rieu
2455|Fr√©d√©ric Mugler
43|Bernard Knox
45|Antoine de Saint-Exup√©ry
6216|Richard Howard
46|Dom Marcos Barbosa
1794|Melina Karakosta
5231|Jeannette Walls
47|Jon Krakauer
1087|Charles Dickens
48|Richard Maxwell
637|Hablot Knight Browne
1980|John Grisham
50|Elie Wiesel
85|Marion Wiesel
278|William Goldman
786|S.E. Hinton
4862|Frances Hodgson Burnett
8455|Gabriel Garc√≠a M√°rquez
8619|Gregory Rabassa
55|Oscar Wilde
3464|Jeffrey Eugenides
5783|Bram Stoker
8140|Nina Auerbach
57|David J. Skal
437|Barbara Kingsolver
1547|David Sedaris
58|Maurice Sendak
59|Alexandre Dumas
60|Robin Buss
3792|Cormac McCarthy
8960|Tina Fey
61|Nicholas Sparks
63|Victor Hugo
64|Lee Fahnestock
328|Norman MacAfee
331|Kim Edwards
616|Joseph Heller
749|Mitch Albom
791|Saulius Dagys
908|Amy Tan
979|Margaret Atwood
1052|Vladimir Nabokov
1101|Craig Raine
1149|Emma Donoghue
1426|Richard Andrews
1499|Rex Gibson
1532|Frank Herbert
1685|Malcolm Gladwell
1842|Walter Isaacson
1899|Ken Kesey
2433|Ernest Hemingway
2633|Rebecca Wells
2883|Nathaniel Hawthorne
2991|Thomas E. Connolly
4427|Nina Baym
8453|Andy Weir
65|Anthony Doerr
297|Laura Hillenbrand
405|Dan Brown
1074|Donna Tartt
1676|Jay Asher
1704|Tracy Chevalier
2098|Anita Diamant
2172|Dr. Seuss
2552|◊ú◊ê◊î ◊†◊ê◊ï◊®
2770|Albert Camus
3068|Matthew Ward
3133|Rainbow Rowell
3202|Bernie Wrightson
3600|Fiona Stafford
4517|Leo Tolstoy
5330|Louise Maude
7338|Leo Tolstoj
7921|Aylmer Maude
9972|Anthony Burgess
66|William Paul Young
68|Fyodor Dostoyevsky
71|David McDuff
72|Sylvia Plath
176|Hermann Hesse
237|Hilda Rosner
243|Truman Capote
295|Roald Dahl
305|Quentin Blake
349|Erin Morgenstern
441|Cheryl Strayed
488|Alan Moore
553|Dave Gibbons
556|John Higgins
609|Herman Melville
670|Andrew Delbanco
675|Tom Quirk
691|Mary Ann Shaffer
703|Annie Barrows
739|Chuck Palahniuk
911|Alice Walker
944|John Grogan
967|Agatha Christie
986|Rebecca Skloot
1123|Ian McEwan
1139|Franz Kafka
1182|Stanley Corngold
1208|Ernest Cline
1261|Garth Stein
1339|Erik Larson
1347|Tony Goldwyn
1360|Mark Cotta Vaz
1423|Lewis Carroll
1498|John Tenniel
1576|Martin Gardner
1589|James Kinsley
1900|Deidre Shauna Lynch
2041|Tatiana de Rosnay
2155|Edith Grossman
2979|Laurie Halse Anderson
3756|Liane Moriarty
5149|Augusten Burroughs
5568|Max Brooks
5903|Lois Lowry
5949|Katherine Paterson
6323|Stephen R. Covey
7887|Barbara A. Mowat
8359|Paul Werstine
8371|Catherine Belsey
8630|Jonathan Safran Foer
8829|R.J. Palacio
8976|Ayn Rand
9139|Leonard Peikoff
9147|Greg Mortenson
9360|David Oliver Relin
9923|Jane Carruth
76|Rene Cloke
79|Dale Carnegie
80|Frances Mayes
81|Gail Carson Levine
754|Betty Smith
2088|Kristin Hannah
82|Kazuo Ishiguro
236|Cecelia Ahern
688|Daphne du Maurier
3528|Sally Beauman
4162|Daniel Keyes
6251|Laura Esquivel
83|Thomas Christensen
86|Carol Christensen
123|Lisa See
227|Mario Puzo
281|Robert Thompson
343|Peter Bart
596|Isaac Asimov
833|Neil Gaiman
963|Terry Pratchett
1037|Jack Kerouac
1057|Mindy Kaling
1092|Abraham Verghese
1245|Robert Louis Stevenson
1301|Eric Carle
1388|H.G. Wells
1407|Greg Bear
1543|Carlo Pagetti
1573|Todd Burpo
1596|Lynn Vincent
1733|John Boyne
1902|Joseph Conrad
1986|Wally Lamb
2057|Sophie Kinsella
2212|Colleen McCullough
2249|Dave McKean
2573|M.L. Stedman
2607|Spencer Johnson
2815|Kenneth H. Blanchard
3273|Bill Bryson
3300|Maya Angelou
3976|Christina Baker Kline
7175|Maria Semple
7868|Wilson Rawls
87|Milan Kundera
89|Michael Henry Heim
5999|John Irving
90|Janet Fitch
4965|Randy Pausch
7840|Jeffrey Zaslow
93|Lisa Genova
9255|Douglas Adams
94|David Nicholls
1239|Margaret Wise Brown
7277|Clement Hurd
9606|J.K. Rowling
95|E. Lockhart
97|Hunter S. Thompson
100|Ralph Steadman
1144|Amy Poehler
1455|Toni Morrison
1752|Erich Maria Remarque
2085|A.W. Wheen
2188|Philip K. Dick
101|Roger Zelazny
344|George Cruikshank
372|Philip Horne
534|C.S. Lewis
943|David Lloyd
1040|David McCullough
1923|Robert A. Heinlein
2579|Jack London
102|Jhumpa Lahiri
4646|Haruki Murakami
8817|Jay Rubin
103|Billie Letts
104|David Levithan
815|James Frey
1121|Susan Cain
4319|Arthur Miller
6634|Christopher Bigsby
8163|Mervyn Peake
106|Dan Chaon
107|Jamie Ford
152|Patrick S√ºskind
169|John E. Woods
286|Eric Schlosser
302|William Gibson
420|Edgar Allan Poe
552|Sun Tzu
571|Thomas Cleary
622|William Landay
683|Betty Edwards
716|Ann Patchett
821|Jared Diamond
1098|Fannie Flagg
2580|Gary Chapman
5219|Chris Cleave
109|Diane Setterfield
111|Paula McLain
113|Umberto Eco
114|William Weaver
115|Se√°n Barrett
557|Beatrice Sparks
924|Anonymous
116|John Kennedy Toole
118|Walker Percy
848|Philip Gabriel
1714|Lauren Oliver
3118|Arundhati Roy
3311|Stephen Hawking
4057|Cao Chi
119|Ph·∫°m VƒÉn Thi·ªÅu
883|Neal Stephenson
2561|Sarah Dessen
3329|S.J. Watson
3837|Arthur Conan Doyle
5257|Rick Warren
5395|Alfred MacAdam
6675|Charles Frazier
7640|Laura Joffe Numeroff
121|Felicia Bond
124|Tennessee Williams
4128|Elizabeth Kostova
5776|Emily St. John Mandel
9158|Fredrik Backman
125|Henning Koch
126|John Berger
1105|Jennifer Weiner
1262|Chuck Dixon
1687|David Wenzel
2045|Sean Deming
2491|Junot D√≠az
2817|Zora Neale Hurston
127|Newt Scamander
193|Albus Dumbledore
211|Malala Yousafzai
892|Christina Lamb
1344|Kathryn Sutherland
128|Claire Lamont
1035|Viktor E. Frankl
1333|Richard Dawkins
5702|Daniel Defoe
129|Gerald McCann
5804|Virginia Woolf
130|Niccol√≤ Machiavelli
264|Adolph Caso
395|Rufus Goodwin
401|Benjamin Martinez
1031|Kathleen Grissom
3126|Richard Pevear
3764|Larissa Volokhonsky
5704|Michael Crichton
6273|Kahlil Gibran
7251|Dave Eggers
9317|Anna Sewell
132|Henry Gifford
784|Bret Easton Ellis
1152|Robert Kirkman
1440|Tony Moore
2232|Francine Rivers
6227|Barbara Ehrenreich
136|Corrie ten Boom
3997|John Sherrill
9663|Elizabeth Sherrill
138|Pat Conroy
141|Michael Chabon
9850|J.M. Barrie
143|Michael Hague
144|David Mitchell
767|Tim O'Brien
145|Banksy
170|Jonathan Swift
146|Robert DeMaria Jr.
494|Gail Kern Paster
3219|Unknown
147|Seamus Heaney
148|Frank Miller
3322|David Mazzucchelli
3686|Richmond Lewis
4570|Dennis O'Neil
4842|Charles Duhigg
6299|John Berendt
150|Nancy Bond
1482|Margery Williams Bianco
9621|William Nicholson
9854|Robert M. Pirsig
154|Arthur C. Clarke
353|Don Freeman
714|Michael Pollan
773|Kate Atkinson
804|Kenneth Branagh
855|Thomas Hardy
1885|Tim Dolin
2209|Margaret R. Higonnet
6417|Gustave Flaubert
6530|Margaret Mauldon
6692|Malcolm Bowie
157|Mark Overstall
160|Norton Juster
204|Jules Feiffer
2846|Ned Vizzini
5872|Vanessa Diffenbaugh
5907|Nick Hornby
6190|John Gray
162|Anthony Bourdain
164|Voltaire
324|Natalie Babbitt
813|Marie Milpois
991|P.D. Eastman
1671|E.H. Gombrich
168|Robert T. Kiyosaki
3205|Lev Grossman
171|Tsugumi Ohba
172|Takeshi Obata
173|Jeremy Tambling
174|Sherman Alexie
177|Ellen Forney
178|Mikhail Bulgakov
2921|Katherine Tiernan O'Connor
180|Diana Burgin
181|Ellendea Proffer
664|Kate DiCamillo
184|Chris Sheban
335|John Knowles
373|Miguel de Cervantes Saavedra
416|Roberto Gonz√°lez Echevarr√≠a
1258|John Rutherford
1662|Beatrix Potter
2123|Susanna Kaysen
2620|Chelsea Handler
2741|Richard Bach
5311|Russell Munson
6097|Robert Munsch
7103|Sheila McGraw
8192|Daniel James Brown
8857|Christopher Tolkien
185|Ted Nasmith
190|Kate Morton
2590|Edwin Muir
191|Willa Muir
194|Max Brod
195|Piper Kerman
196|Anne Perry
484|Daniel Kahneman
854|Judy Blume
951|Chris Bohjalian
1124|Chris Van Allsburg
1236|Jon Scieszka
1389|Lane Smith
1645|Margaret Jull Costa
2011|Sheryl Sandberg
4282|Nell Scovell
4369|Jostein Gaarder
8874|Paulette M√∏ller
9523|Jennifer Egan
9900|Johanna Spyri
198|Angelo Rinaldi
8039|Beverly Cleary
8080|Geoffrey Chaucer
199|Nevill Coghill
200|Emily Giffin
1732|Harriet Beecher Stowe
5115|Gaston Leroux
6501|Alexander Teixeira de Mattos
208|Jos√© Saramago
212|Giovanni Pontiero
2013|Jonathan Franzen
2029|Aravind Adiga
2137|Barack Obama
2664|Judith Viorst
3141|Ray Cruz
3412|Howard Zinn
5419|Celeste Ng
6283|Isabel Allende
6443|Magda Bogin
9961|Chimamanda Ngozi Adichie
213|James Patterson
215|Christopher McDougall
1730|Gabrielle Zevin
216|Ludwig Bemelmans
217|Napoleon Hill
220|Susanna Clarke
229|Jess Walter
230|Matthew Quick
231|Jules Verne
5242|Anthony Bonner
233|Maureen Howard
1853|Jonas Jonasson
7755|Rod Bradbury
234|Richard Bachman
1244|Michael Glencross
1324|Brian W. Aldiss
3919|Sharon Creech
5939|Julie Powell
9361|Kate Egan
235|William Faulkner
262|Eckhart Tolle
438|Tite Kubo
1028|Allie Brosh
1804|Gregory David Roberts
1819|Bernhard Schlink
1834|Carol Brown Janeway
9012|Bill Martin Jr.
238|William Peter Blatty
1102|David Guterson
1856|Alex Haley
2233|Brian Bolland
4137|Tim Sale
6500|Ralph Ellison
239|Ishmael Beah
1056|Melissa Bank
241|Christopher Moore
245|Jenny Lawson
5500|Bryan Lee O'Malley
7350|Larry McMurtry
247|Mary Roach
5610|Thomas Keneally
5873|Malcolm X
248|Sam Kieth
249|Mike Dringenberg
587|Malcolm Jones III
2290|Todd Klein
250|Karen Berger
7989|Dennis Lehane
251|Roma Gill
358|Plato
364|Desmond Lee
391|Patti Smith
798|Phaidon Press
1348|Jane Green
2095|Walter J. Cobb
2512|Rohinton Mistry
3047|Bill Watterson
3274|G.B. Trudeau
3363|Kate Chopin
4877|Justin Halpern
5265|Irvine Welsh
5303|Eric Lindor Fall
5446|Miguel Ruiz
6334|Jacob Grimm
7611|Wilhelm Grimm
9698|Josef Scharl
255|Padraic Colum
287|Joseph Campbell
4298|Margaret Raine Hunt
256|James Stern
257|E.L. Konigsburg
260|Francis Chan
1750|Danae Yankoski
261|Chris Tomlin
8659|Dean Koontz
263|Helen Keller
2642|Jonathan Tropper
3132|Seth Grahame-Smith
265|Natsuki Takaya
267|Alethea Nibley
1406|Athena Nibley
1599|Brian Selznick
2575|Christopher Hitchens
3042|Mary Kubica
3067|William Olivier Desmond
3386|Henry David Thoreau
4089|Julian Barnes
4133|Kenneth Grahame
5361|Gillian Avery
5741|E.M. Forster
6757|Kody Keplinger
7972|John Archambault
268|Lois Ehlert
820|Raina Telgemeier
2486|Paul Kalanithi
6364|Jerry Spinelli
8716|Ellen Raskin
9862|Sam McBratney
269|Anita Jeram
1468|John D. MacDonald
3211|Peter Benchley
3503|Nicole Krauss
4141|Astrid Lindgren
4249|Lauren Child
6506|Florence Lamborn
7695|Nancy Seligsohn
8739|Muriel Barbery
9131|Alison Anderson
270|Doris Kearns Goodwin
271|Suzanne Toren
272|Stuart Gilbert
273|Susannah Cahalan
825|H.A. Rey
2322|Michael Ende
3007|Ralph Manheim
4313|Roswitha Quadflieg
274|Sylvia Nasar
276|Upton Sinclair
789|Earl Lee
890|Kathleen DeGrave
1914|Oliver Sacks
2196|Ken Follett
2624|Andre Dubus III
2646|M.R. Carey
2755|Crockett Johnson
3072|Joan Didion
3529|Lionel Shriver
3754|Edith Wharton
3978|Geraldine Brooks
5100|Judi Barrett
5782|Ron Barrett
9463|Helen Simonson
9699|Irma S. Rombauer
9758|Marion Rombauer Becker
277|Ethan Becker
282|Bettina Blanch Tyroller
322|Azar Nafisi
377|Annie Proulx
666|Marie Kond≈ç
2170|Cathy Hirano
2674|Jennifer Niven
3103|ŸÅÿ±ÿßŸÜ⁄© ŸÖÿπŸÜŸà€å
5439|Margaret Sayers Peden
5884|Jessica Knoll
283|Richard Matheson
284|Elizabeth Strout
1250|Lena Dunham
8212|Joana Avillez
290|James C. Collins
1044|Samuel Beckett
291|Philip Pullman
293|Kimberly McCreight
8726|Jojo Moyes
296|Michael Cunningham
3303|Richard Russo
3743|Jandy Nelson
6395|Catherine Hardwicke
6409|Richard Feynman
6724|James Joyce
298|Seamus Deane
299|George Eliot
300|Michel Faber
301|Scott Turow
5437|Stacy Schiff
6768|Thomas L. Friedman
7668|Marcus Pfister
8565|J. Alison James
304|Gretchen Rubin
306|Vincent Bugliosi
2000|Curt Gentry
2281|Robert Kapilow
9373|Dante Alighieri
308|Anthony M. Esolen
411|Ta-Nehisi Coates
509|John Milton
634|John Leonard
761|Michael Lewis
1894|Patrick Ness
3045|Jim Kay
311|Siobhan Dowd
312|Frederick Forsyth
313|Jason Fried
315|David Heinemeier Hansson
316|Carol Rifka Brunt
374|Emmuska Orczy
1449|Jon Stone
1460|Michael J. Smollin
1710|Herman Koch
1976|Sam Garrett
2250|Carl Sagan
2279|Zadie Smith
2321|Chris Kyle
3135|Scott McEwen
3893|Jim DeFelice
4079|Meg Wolitzer
6450|Better Homes and Gardens
9295|Basil Creighton
317|Timothy Basil Ering
6057|Steven L. Hopp
9187|Camille Kingsolver
318|Richard A. Houser
320|Donald Miller
4178|Chad Harbach
321|Constance Garnett
323|Alan Myers
325|Joseph Frank
476|Anna Brailovsky
704|Aziz Ansari
1936|Eric Klinenberg
2089|Katherine Applegate
4130|Patricia Castelao
4392|Sebastian Junger
4697|Jim Fergus
5058|Salman Rushdie
6322|Elizabeth George Speare
8735|Wilkie Collins
9722|Matthew Sweet
326|James McBride
9300|Steven D. Levitt
329|Stephen J. Dubner
333|William Makepeace Thackeray
1814|John Carey
3173|Dominique Dill
4058|Cynthia D'Aprix Sweeney
337|Bill Willingham
1042|Lan Medina
338|Steve Leialoha
2653|Craig Hamilton
6840|James Jean
339|David Allen
1984|Huntley Fitzpatrick
341|Chetan Bhagat
342|Rosemarie Morgan
399|Shannon Russell
4641|Mark Z. Danielewski
9048|Willa Cather
348|Jon Stewart
3723|Ben Karlin
350|David Javerbaum
352|Rich Bloomquist
354|Steve Bodow
763|Tim Carvell
1642|Eric Drysdale
2508|J.R. Havlan
5629|Scott Jacobson
6389|Tom Johnson
6460|Rob Kutner
6934|Chris Regan
7002|Jason Reich
8019|Jason Ross
357|Stephen Colbert
360|Samantha Bee
361|Rob Corddry
362|Brendan Hay
493|Ed Helms
1106|Don Piper
2781|Cecil Murphey
2794|Lao Tzu
2860|Gia-Fu Feng
2957|Jane English
3061|Chungliang Al Huang
6575|Rowena Pattee Kryder
8312|Toinette Lippe
8859|Hans Christian Andersen
365|Lily Owens
366|Arthur Rackham
687|Hans Richter
2174|Friedrich Nietzsche
2788|Walter Kaufmann
5180|Elizabeth Gaskell
6471|Alan Shelston
7738|Jaycee Dugard
8721|Aesop
371|Laura Harris
633|Laura Gibbs
1179|John D. Rateliff
4034|Colleen Hoover
4175|Jay Anson
5141|Michael Ondaatje
5381|Jeri Johnson
6123|Colum McCann
6318|Harlan Coben
7012|Austin Kleon
7476|Joyce Carol Oates
7904|Scott McCloud
375|Jon Ronson
935|David Baldacci
1650|Richard Dahm
5382|Paul Dinello
6063|Allison Silverman
8733|Michael Brumm
378|Eric Drydale
662|Rob Dubbin
1242|Glenn Eichler
1310|Peter Grosz
380|Peter Gwinn
520|Jay Katsir
1282|Laura Krafft
3828|Frank Lesser
381|Tom Purcell
6806|Leon Uris
382|Ursula Hegi
383|Ellen DeGeneres
2379|Eowyn Ivey
7561|Allen Mandelbaum
385|Eugenio Montale
387|Benjamin Hoff
7333|Ernest H. Shepard
390|Sarah Dunant
396|Emma Cline
7178|Everett H. Emerson
397|Elif Shafak
398|ÿ•ŸÑŸäŸÅ ÿ¥ÿßŸÅÿßŸÇ
400|ÿßÿ±ÿ≥ŸÑÿßŸÜ ŸÅÿµ€åÿ≠€å
5630|ŸÖÿ≠ŸÖÿØ ÿØÿ±ŸàŸäÿ¥
7365|Olive Ann Burns
402|Elena Ferrante
512|Ann Goldstein
2365|Timothy Ferriss
2468|Robin S. Sharma
5389|Amor Towles
6385|Ruta Sepetys
7037|Andrew Clements
7281|Louise Erdrich
9114|Hanya Yanagihara
403|Brian K. Vaughan
404|Pia Guerra
406|Jos√© Marz√°n Jr.
407|Anne Tyler
697|Jennifer Bassett
2037|Alfred Birnbaum
3456|Johann David Wyss
3588|Scott McKowen
4237|Arthur Pober
4363|Watty Piper
6990|Doris Hauman
408|George Hauman
1969|Karen Joy Fowler
5765|Alan Brennert
409|Lauren Groff
3236|Brian Greene
7572|Janell Cannon
8905|Joe Abercrombie
9406|Nancy Horan
9639|Flora Rheta Schreiber
412|Rosamunde Pilcher
413|Bill O'Reilly
6732|Martin Dugard
414|Ira Levin
5738|Katherine Boo
8230|Sandra Cisneros
9715|David Benioff
417|Peter de Jonge
421|Ezra Jack Keats
2003|Richard Preston
424|Lynne Truss
425|Clement C. Moore
426|Jan Brett
427|Lee Strobel
3699|Carl Hiaasen
6898|Virgil
7838|Robert Fitzgerald
430|Daniel Quinn
1082|Kennilworthy Whisp
1270|Jerry N. Uelsmann
1613|Jennifer E. Smith
1703|Tom Robbins
435|Jenna Blum
5350|M. Scott Peck
436|A.S.A. Harrison
439|Caitlin Moran
442|Keith Richards
1142|Anita Shreve
1519|Don DeLillo
1729|Stephen E. Ambrose
2084|Charles Darwin
2500|Craig Thompson
7003|David Wroblewski
443|Christina Schwarz
541|Charles Bukowski
615|Kyle Freeman
667|Rudyard Kipling
831|Allen Ginsberg
1215|William Carlos Williams
1667|Richard Carlson
1789|Adam Mansbach
2456|Ricardo Cort√©s
2870|T√©a Obreht
3372|Joseph Smith Jr.
4033|Karin Slaughter
445|Robert Mighall
7871|Emily Seife
446|John Bunyan
514|Andrew R. MacAndrew
769|Ben Marcus
1461|Carson McCullers
3594|T.H. White
5508|Christopher Paul Curtis
6187|Alison Bechdel
8979|Dan Ariely
448|ÿ£ÿ≠ŸÖÿØ ŸÖÿ±ÿßÿØ
451|Jesse Andrews
453|Simon Winchester
9928|Faye Perozich
454|Anne Rice
1921|John Bolton
1939|Daerick Gr√∂ss
3014|Louis Sachar
5590|Adam McCauley
5683|Dalai Lama XIV
8669|Howard C. Cutler
456|Anna Quindlen
1186|Chuck Klosterman
2380|Evelyn Waugh
457|Jessie Burton
4538|Julia Cameron
458|Joe Hill
459|Robert K. Massie
2058|Marcus Luttrell
462|Patrick Robinson
464|Richard Wright
2082|Eric Ries
2236|Lauren Weisberger
4778|Roberto Aguirre-Sacasa
9223|Mike Perkins
465|Laura Martin
1107|William L. Shirer
1748|Karl Marx
1879|Friedrich Engels
2583|Gareth Stedman Jones
2589|Ruth Ware
2704|James Fenimore Cooper
2708|William Styron
3401|Julie Kagawa
4098|Bruce H. Wilkinson
4431|Karen Thompson Walker
466|Julia Child
467|Alex Prud'Homme
1281|Amish Tripathi
3911|Wendelin Van Draanen
468|Travis Bradberry
469|Jean Greaves
470|Patrick Lencioni
471|Robert McCloskey
472|Nicola Yoon
474|David Yoon
900|George Bernard Shaw
2503|Louis de Berni√®res
4120|Adam Johnson
5258|Marjane Satrapi
478|Mattias Ripa
479|Blake Ferris
482|Anjali Singh
6793|Chaim Potok
485|Irving Stone
4104|◊©◊û◊ï◊ê◊ú ◊©◊†◊ô◊¶◊®
487|Peggy Parish
575|Fritz Siebel
640|ÿ£ÿ≠ŸÑÿßŸÖ ŸÖÿ≥ÿ™ÿ∫ÿßŸÜŸÖŸä
660|Ahlam Mosteghanemi
693|Nicola Bradbury
1296|Esphyr Slobodkina
1564|Peter Glassman
1592|Jung Chang
1677|Emily Dickinson
2594|Thomas H. Johnson
3416|Steve Martin
3797|Frank Warren
5343|Norman Vincent Peale
5739|Nina Bawden
489|Patrick Rothfuss
495|Nate Taylor
807|Solomon Northup
1238|Nathaniel Philbrick
1557|Ayaan Hirsi Ali
3092|Nassim Nicholas Taleb
4020|Aleksandr Solzhenitsyn
6895|H.T. Willetts
497|Walter M. Miller Jr.
498|Colm T√≥ib√≠n
499|J.D. Vance
1908|Stephen Crane
2806|Randall Munroe
5128|Colson Whitehead
5238|J.M. Coetzee
5973|B.A. Paris
7800|Sharon M. Draper
502|Boris Pasternak
504|Max Hayward
3140|Manya Harari
4327|John Bayley
4482|P.D. James
5909|Jane Hamilton
6437|Frank Muller
6957|C.J. Critt
7489|O. Henry
8854|Lisbeth Zwerger
508|Tom Wolfe
513|William S. Burroughs
515|James Grauerholz
2939|Barry Miles
3216|Kelley Jones
3963|Charles Vess
4544|Colleen Doran
6588|Steve Erickson
516|Ursula K. Le Guin
1873|Lech Jƒôczmyk
4139|Maureen Johnson
5407|Lauren Myracle
518|Atul Gawande
522|Henrik Ibsen
1385|Michael Meyer
2543|James A. Michener
3269|Richard Yates
3566|Rachel Cohn
4828|Tom Stoppard
5947|Henry Popkin
523|Alex Garland
7155|Beth Hoffman
9743|Jenna Lamia
524|Jennifer Crusie
529|Nelson Mandela
530|Dashiell Hammett
531|Daniel Goleman
532|Munro Leaf
537|Robert Lawson
538|Walter Scott
8802|Adriana Trigiani
540|Andre Agassi
545|J.R. Moehringer
546|Daniel H. Pink
547|Jeph Loeb
549|Gregory Wright
2260|Richard Starkings
550|Jean-Paul Sartre
1060|Lloyd Alexander
2357|Hayden Carruth
3287|John Eldredge
5286|Peter Ackroyd
551|Ed Glinert
1892|Doreen Cronin
2848|Betsy Lewin
4609|Avi
555|Robert Goolrick
559|Tom Clancy
560|Leif Enger
561|Janette Sebring Lowrey
564|Gustaf Tenggren
567|Maeve Binchy
7914|James Herriot
570|David Foster Wallace
795|John Wyndham
1421|Patrick deWitt
2193|Marcelo Barb√£o
3195|Shilpi Somaya Gowda
3476|Montserrat Mira
4384|Katherine Duncan-Jones
5474|Ron Hall
9083|Denver Moore
573|Tracy Kidder
574|Walt Whitman
4013|D.H. Lawrence
5274|Doris Lessing
9391|Chester Brown
576|George S. Clason
577|David Eddings
578|Leigh Eddings
579|Goran Skrobonja
1488|Frederick Douglass
9210|Greg Behrendt
580|Liz Tuccillo
582|Alev Lytle Croutier
584|Stasi Eldredge
585|Peter David
6444|Robin Furth
7217|Jae Lee
7807|Richard Isanove
8158|Ruth Ozeki
8567|Robert B. Cialdini
9092|Stephen Marlowe
590|Louise Fitzhugh
591|Sarah Waters
592|Marian Keyes
594|John Ajvide Lindqvist
595|Benjamin F. Fisher
597|Morgan Matson
601|Oswald Chambers
2078|Andrea Cremer
8699|Naomi Novik
9194|Alfred Lansing
604|Blake Crouch
605|Rebecca Stead
1007|Stephen Kendrick
1579|Alex Kendrick
6748|Ben Sherwood
606|M.C. Escher
608|Bruce Brooks Pfeiffer
610|Donna Woolfolk Cross
611|Sebastian Faulks
613|Joshua Foer
1012|Sue Miller
1361|Norman Bridwell
1699|Anne Bront√´
2359|Stevie Davies
614|Tomie dePaola
617|David Bayles
618|Ted Orland
619|Hayden Herrera
621|Mo Willems
1221|Henry James
1740|Patricia Crick
2787|Gustave Dor√©
3304|Charlotte Perkins Gilman
3871|Noah Hawley
4815|ŸÖÿ≠ŸÖÿØ ÿµÿßÿØŸÇ
625|B.A. Shapiro
3861|Thomas Pynchon
4724|David Alabort
4838|Manuel Esp√≠n
5519|Ann-Marie MacDonald
5587|Maggie Stiefvater
7634|Miep Gies
8683|Alison Leslie Gold
626|John Scalzi
5253|Nelson DeMille
627|David Seltzer
1402|Audrey Penn
629|Ruth E. Harper
708|Nancy M. Leak
1506|John Elder Robison
5132|Sherrilyn Kenyon
630|Gabrielle Charbonnet
635|Curtis Sittenfeld
638|Anthony Kiedis
9588|Larry Sloman
639|Brigitte Walitzek
646|Siddhartha Mukherjee
647|Deepak Chopra
694|Anne Lamott
1072|Timothy Zahn
1268|Louise L. Hay
2046|Emma Straub
3993|Melanie Benjamin
649|David Shannon
650|William Strunk Jr.
651|Larry Niven
653|Jerry Pournelle
8532|Jo Nesb√∏
654|Don Bartlett
658|John Williams
3064|John McGahern
657|David Cote
659|Stephen Schwartz
690|Joan Marcus
661|Winnie Holzman
663|Garth Ennis
668|Steve Dillon
669|Joe R. Lansdale
673|Edmond Rostand
1792|Eteel Lawson
2613|Lowell Bair
3186|Anne Fadiman
7559|Steve Parkhouse
674|Chris Bachalo
1103|Michael Zulli
1746|Clive Barker
4095|Dave Pelzer
4490|J.H. Williams III
677|Dave Stewart
678|Howard Pyle
3160|Lawrence Hill
4577|Richard Francis Burton
679|A.S. Byatt
4886|Lily King
6778|Eleanor Catton
680|Chip Heath
682|Dan Heath
689|Piers Paul Read
698|Joyce Meyer
4093|ÿ£ÿ´Ÿäÿ± ÿπÿ®ÿØÿßŸÑŸÑŸá ÿßŸÑŸÜÿ¥ŸÖŸä
7087|Amazon
699|Iain Banks
701|Marisha Pessl
702|Rob Lowe
705|Kevin Kwan
1288|Robert Dugoni
1795|Shirley Jackson
1987|Laura Miller
2352|Dodie Smith
3937|Marcus Aurelius
5188|Martin Hammond
5763|Diskin Clay
706|Sigmund Freud
707|Peter Straub
9272|Mary Karr
710|Leonard Mlodinow
715|Reza Aslan
717|Jan-Philipp Sendker
6224|Kevin Wiliarty
718|David J. Schwartz
887|Carlo Collodi
2314|Monteiro Lobato
3388|Stormie Omartian
4777|Henry Miller
719|Brian Sibley
744|Alice Hoffman
2694|Cornelia Funke
720|John Howard Griffin
5523|Robert James Waller
9798|Mark Bittman
721|Wassily Kandinsky
723|Justin O'Brien
727|Carolyn G. Heilbrun
728|Italo Calvino
2096|ŸäŸàÿ≥ŸÅ ÿ≤ŸäÿØÿßŸÜ
3740|Ian Falconer
731|Bren√© Brown
733|Eben Alexander
734|A.J. Jacobs
735|Katherine Dunn
736|Robert Penn Warren
737|Hannah Kent
741|Peter Mayle
743|Bagram Ibatoulline
2423|Tara Conklin
3036|Karen Hesse
4216|Sidney Sheldon
4979|Meg Cabot
745|N.K. Sandars
1810|Gena Showalter
753|Elizabeth Berg
2110|Ellen Hopkins
3679|Yoshiki Nakamura
3932|Tomo Kimura
4739|Paolo Bacigalupi
757|Richard Allen Cave
4555|Ir√®ne N√©mirovsky
9860|Sandra Smith
758|Vincent van Gogh
2661|Ronald de Leeuw
2841|Mark Roskill
3545|Arnold J. Pomerans
3933|Grant Morrison
762|Hillary Jordan
765|Mark Bowden
766|David Grann
768|Patricia McCormick
1176|Jane Smiley
5766|Daniel Clowes
770|Ivan Turgenev
771|George Reavy
1326|Jane Costlow
3208|Eliyahu M. Goldratt
3788|Jeff Cox
772|Ashlee Vance
775|Mark Waid
6241|Alex Ross
776|Elliot S. Maggin
7861|Henri Charri√®re
777|David Ebershoff
1111|Walter Dean Myers
3011|Fiona Staples
3567|Elaine Hedges
3610|Heidi Murkoff
3912|Arlene Eisenberg
4360|Sandee Hathaway
4390|Peter Thiel
4400|Blake Masters
5427|Katharine Kroeber Wiley
7678|Jim Gaffigan
7699|Ron Chernow
7751|Various
7867|Nikolai Gogol
8227|Robert A. Maguire
9511|Arlene Mosel
778|Blair Lent
779|Alison Weir
5448|Yevgeny Zamyatin
780|Clarence Brown
782|Alan Paton
7562|Brian Froud
787|Alan Lee
7207|Gregory Maguire
788|Yuval Noah Harari
790|Johnny Kansas
3399|Stephanie Stehling
792|Heather McDonald
793|Roy Handler
2985|Brad Wollack
797|Amber Mazzola
799|Josh Wolf
1578|Shoshanna Handler
1719|Eva Magdalenski
1922|Amy Meyer
2213|Glen Handler
2657|Dave Mallow
2735|Sarah Colonna
2862|Shari Lapena
3374|Ann Leckie
3803|Jerry I. Porras
3804|Allen Eskens
3806|Eric Wilson
3924|Ann Druyan
4085|Lucy Christopher
4124|Stanis≈Çaw Lem
4387|Elizabeth Wurtzel
4713|Daniel J. Levitin
4789|Lorraine Hansberry
4795|A.J. Banner
5195|Jean-Dominique Bauby
5304|Jeremy Leggatt
5485|Chevy Stevens
5507|Charles C. Mann
5558|Kay Redfield Jamison
5775|Sarah Young
5936|Edward Albee
6073|Eric Metaxas
6539|A.W. Tozer
6807|Dot Hutchison
6833|Kiran Desai
7223|Johann Wolfgang von Goethe
8093|Burton Pike
8444|Alexandra Fuller
8986|Robin McKinley
9026|ÿ≥ÿπŸàÿØ ÿßŸÑÿ≥ŸÜÿπŸàÿ≥Ÿä
9427|Saud Alsanousi
9890|Dava Sobel
800|Neil Armstrong
801|Peter Salm
5942|James W. Loewen
6406|Gabriel Rodr√≠guez
8405|Alexandra Ripley
802|Blaine Harden
803|Sarah Thornton
7966|Dave Ramsey
8890|Richard Atwater
9245|Florence Atwater
9457|Fred Marcellino
9536|George Saunders
9673|Thomas J. Stanley
808|William D. Danko
2565|Bob Dylan
9551|George Selden
809|Oliver Harris
811|Roger Fisher
3312|William Ury
5726|Bruce Patton
818|R.K. Lilley
819|Madeline Miller
7429|Amy Schumer
822|Krishna-Dwaipayana Vyasa
9240|Simon Brodbeck
826|Juan Mascar√≥
829|Paul Auster
1949|Art Spiegelman
6128|Pam Mu√±oz Ryan
830|Candace Bushnell
5887|R.J. Hollingdale
7437|Michael Tanner
839|Dave Cullen
844|Laila Ibrahim
845|Mark Owen
4457|Kevin Maurer
846|Laura Moriarty
852|Matt Wagner
853|George Pratt
5589|Dick Giordano
7246|P. Craig Russell
857|Harlan Ellison
863|Andrew Gross
865|Clare Mackintosh
866|H.G. Bissinger
867|David Sheff
7486|Ovid
868|David Raeburn
869|Denis Feeney
870|Julia Alvarez
872|Robert Morgan
874|Bo Hampton
876|Tracey Hampton
7011|Washington Irving
9125|Jen Lancaster
877|Nora Roberts
878|Wallace Stegner
879|John le Carr√©
881|Elin Hilderbrand
2421|Jan Karon
7279|Tony Hsieh
7923|Elizabeth Haynes
882|Richard Lancelyn Green
1081|Ronald Knox
4682|Julian Symons
4905|Oliver Stallybrass
5705|Pankaj Mishra
5743|Kevin Henkes
6439|Michael E. Gerber
6760|Rick Riordan
7544|John Connolly
7841|Bill Clinton
8386|Lynn Varley
9440|Miranda Kenneally
9454|Joe Simpson
885|Simms Taback
886|Dan Millman
888|Barbara Demick
895|Jack Welch
5146|Suzy Welch
6168|Jonah Lehrer
896|Jean de Brunhoff
9188|Merle S. Haas
9930|Tom Rachman
899|Katja Millay
901|Jenny Downham
1011|Simone Beck
2133|Louisette Bertholle
2524|Mohsin Hamid
8486|Jennifer A. Nielsen
9650|Daniel Todd Gilbert
903|T.S. Eliot
905|Else Holmelund Minarik
906|David Platt
5368|Robert Greene
913|Joost Elffers
915|Robin Cook
916|Hubert Selby Jr.
919|Darren Aronofsky
6066|Richard Price
7970|Dee Brown
920|W≈Çadys≈Çaw Szpilman
921|Anthea Bell
925|Ian Edginton
3511|I.N.J. Culbard
4108|Robert McCammon
4502|Geoffrey Crayon
5198|William L. Hedges
5774|David Wilkerson
6604|Cynthia Lord
926|Karen Russell
929|Mark Kurlansky
1868|ŒúŒ±œÅŒØŒ± ŒõŒ±œäŒΩŒ¨
4613|Ignes Sodre
930|Og Mandino
2204|Andy Kubert
9519|Peter Sanderson
931|Peter Heller
932|Sheila Burnford
934|Frank Quitely
937|Fiona Barton
939|Sapphire
4900|William Kent Krueger
940|Gene Luen Yang
1017|Eugene Bradley Coco
2065|Ron Dias
7044|Walt Disney Company
9719|Christopher Marlowe
941|Anthony Robbins
6889|Tony Robbins
948|Frederick L. Covan
4972|Octavia E. Butler
5187|Henry Cloud
6049|John Townsend
950|Philip Roth
1767|Luca Marinelli
954|John C. Maxwell
956|Zig Ziglar
6011|Sarah Ban Breathnach
7517|Victoria Finlay
7594|Ernest J. Gaines
959|Gene Zion
961|Margaret Bloy Graham
966|Nick Bantock
3240|ÿ£ÿ≠ŸÖÿØ ÿÆÿßŸÑÿØ ÿ™ŸàŸÅŸäŸÇ
968|Ann Rule
969|Joel Schick
7950|Julie Orringer
9946|Arthur Morey
971|Keith Wilson
973|Amy Sedaris
5955|Peter Swanson
974|Patricia Schultz
1620|Nicholas D. Kristof
4326|Sheryl WuDunn
4515|Daniel Handler
9085|Maira Kalman
975|Steve Harvey
976|Candice Millard
977|Jonathan Lethem
983|Emerson Eggerichs
984|Jerry W. Ward Jr.
985|Lalita Tademy
1154|James D. Bradley
1349|Ron Powers
1683|Mahatma Gandhi
2246|Lance Armstrong
2707|Sally Jenkins
987|Helen Macdonald
989|R.A. Salvatore
2203|Christopher Yost
3779|Orson Scott Card
6668|Pasqual Ferry
8281|Frank D'Armata
9764|Karuho Shiina
9810|James Allen
990|Nina George
993|Simon Pare
997|Ann Voskamp
998|Robert Bloch
1001|Alistair MacLean
1003|Clint Willis
1235|Rupi Kaur
6857|Rosamund Lupton
1005|Mark Millar
1928|Kilian Plunkett
4354|Andrew Robinson
7359|Walden Wong
9579|Dave Johnson
1006|Julia Glass
1009|Benjamin Franklin
9752|Lewis Leary
1010|Timothy J. Keller
1788|W. Chan Kim
3628|Ren√©e Mauborgne
4483|Sarah Addison Allen
5207|Audrey Wood
5580|Don Wood
6361|Robert Lopshire
6590|Richard Flanagan
6920|Jennifer Worth
7254|Stendhal
8978|Roger Gard
9566|Bev Vincent
1013|N.H. Kleinbaum
1015|Emily Bleeker
1019|Paramahansa Yogananda
4768|John Hersey
5073|Jennifer Brown
1020|Kasie West
1021|Karen Armstrong
1025|Pablo Neruda
4643|W.S. Merwin
4861|Cristina Garc√≠a
1030|Thomas More
1041|Paul Turner
1046|Aimee Bender
1047|Dai Sijie
1048|Ina Rilke
6564|Roxane Gay
1051|Amy Chua
1055|Noelle Stevenson
2440|Giada De Laurentiis
6818|Jeanette Winterson
8175|Ravinder Singh
8973|Dan Harris
9966|Ina Garten
1061|Quentin Bacon
4525|Sena Jeter Naslund
7714|CLAMP
1064|Anthony Gerard
1068|Kevin O'Neill
5462|M.T. Anderson
1069|Euripides
2895|Rex Warner
1073|Hannah Hurnard
1075|Charles Burns
1076|Therese Anne Fowler
1077|Catherine Ryan Hyde
1078|Martha Hall Kelly
1080|Anthony Marra
7190|Will Schwalbe
1084|Lauren Barnholdt
1664|George W. Bush
3210|Robert Ludlum
6326|Jon Meacham
1085|Mia Sheridan
1125|Alyson Richman
1409|Girolamo De Michele
1793|Alastair McEwen
1822|Kirsty Moseley
4045|Amanda Lindhout
1088|Sara Corbett
1090|Vera Brosgol
1094|Jean Rhys
3585|John Fowles
4996|Jacqueline Woodson
1096|Gwyn Hyman Rubio
1097|Sue Grafton
1099|Katherine Howe
1108|Jeffrey Archer
1113|Emma Healey
9667|Isabel Wilkerson
1114|Claire North
1115|Barbara W. Tuchman
1120|Robert M. Edsel
1129|Bret Witter
1130|Ava Dellaira
1562|Helen Bryan
1568|Yaa Gyasi
2331|Immacul√©e Ilibagiza
6289|Steve Erwin
1132|Jo√´l Dicker
1133|Shirley Kubo
5191|Koushun Takami
8452|Yuji Oniki
9025|Nevil Shute
1135|Sophia Amoruso
1136|Diane Chamberlain
4856|Elizabeth Peters
1138|Steven Pressfield
2048|Robert McKee
2055|Raymond Carver
2401|W. Somerset Maugham
2723|Benjamin DeMott
2849|Gayle Forman
3155|Virginia Lee Burton
3161|Vicki Myron
3277|Margret Rey
3355|Gurihiru
3394|Sarah Vowell
3906|Bill Moyers
4636|Jo Baker
5121|Cary Elwes
5459|Joe Layden
5770|Rob Reiner
5781|Peggy Rathmann
6174|Robyn Schneider
7053|Frank W. Abagnale
7158|Stan Redding
7348|Gary Zukav
8431|Josh Malerman
8608|Timothy Egan
1141|Ellen Marie Wiseman
1145|Scott Snyder
1146|Greg Capullo
9208|Jonathan Glapion
1148|Kathy Griffin
3867|Aaron Asher
8930|Nicholas Evans
9949|Sherry Argov
1150|Edwin A. Abbott
2539|Banesh Hoffmann
3367|Tim Tharp
3945|Peter D. Kramer
4040|Rainer Funk
6028|Shawn McManus
6134|Bryan Talbot
6696|Stan Woch
7463|Eleanor Brown
9288|Tom Perrotta
1156|Mihaly Csikszentmihalyi
1157|Portia de Rossi
1158|Carl Bernstein
4062|Bob Woodward
5052|Gary Shteyngart
6333|Michelle Rowen
9407|Richelle Mead
1159|Douglas R. Hofstadter
1162|Robert Frost
1164|Edward Connery Lathem
1167|Philip Yancey
1168|√Ösne Seierstad
1171|Ingrid Christopherson
5216|China Mi√©ville
1174|Arthur Hailey
1178|Harold Bloom
1180|Terry Southern
1185|David H. Goldsmith
1187|James Lundquist
2535|Lawrence R. Broer
3294|Peter J. Reed
1188|Loree Rackstraw
4762|William S. Doxey
1189|Jerome Klinkowitz
9347|Richard Giannone
1190|John L. Simons
3952|Leonard Mustazza
1192|Zoltan Ab di-Nagy
3228|Peter Freese
4950|Wendy B. Faris
1193|Brandon Sanderson
1195|Alexander Pushkin
5734|James E. Falen
6242|Nick Caistor
8722|Amanda Hopkinson
9542|Geoff Dyer
1198|Barbara Taylor Bradford
1199|Sarah Ockler
1202|Sharon L. Lechter
1204|Donna Mabry
1555|Mary Higgins Clark
1205|Jason Baker
1207|Donna Freed
1211|Thrity Umrigar
1212|Burton Raffel
2136|Neil D. Isaacs
1214|Edward Abbey
8440|Tom Rath
1216|Edward Rutherfurd
6047|Madeleine Wickham
1220|Byron Glaser
6105|Bill D. Fountain
7285|Jean Kwok
1222|Leonardo da Vinci
1224|H. Anna Suh
3609|Mollie Katzen
6997|Orhan Pamuk
1229|Erdaƒü M. G√∂knar
1230|Carlos Castaneda
2828|Marcia Brown
1231|Mark Buckingham
7133|Tori Amos
1234|Catherine Marshall
1237|Carol S. Dweck
6050|Richard H. Thaler
8186|Cass R. Sunstein
8464|Richard Paige
1241|Joseph J. Ellis
2248|Lawrence Wright
3667|Samuel Taylor Coleridge
6231|Michael Martchenko
8576|Jill Thompson
1247|Vince Locke
3857|Ursule Molinaro
6130|John Watkiss
1252|Duncan Eagleson
1255|Kent Williams
1256|Helen Small
1260|Stephen Wall
3713|Jacqueline Susann
1266|Radwa Ashour
1269|ÿ±ÿ∂ŸàŸâ ÿπÿßÿ¥Ÿàÿ±
9217|Michael Rosen
1272|Helen Oxenbury
1274|Peter F. Hamilton
1277|Thomas Rockwell
3591|Heather Gudenkauf
8707|David Herbert Donald
1279|Graham Greene
3193|Robert Stone
3333|Patrick O'Brian
5206|Alastair Reynolds
5526|Kresley Cole
5929|Micah Sparks
7471|Anne Morrow Lindbergh
7905|John Perkins
8349|Jorge Luis Borges
8446|Anthony Kerrigan
8781|Sejal Badani
8800|Amanda Coplin
9731|Mikhail Lermontov
9748|Paul Foote
1280|Edmund Morris
1283|M.M. Kaye
9790|Donna VanLiere
1286|Rory Freedman
1292|Kim Barnouin
1294|Alice Schroeder
5882|Maureen Freely
6687|Betty Crocker
1297|Michael Ledwidge
5105|Holly Goldberg Sloan
1299|Richard Connell
1503|Cory Doctorow
2025|Jalaluddin Rumi
2274|Coleman Barks
3027|Helen Gardner
3428|Fred S. Kleiner
4316|Christin J. Mamiya
4872|Miranda July
1300|Jack Canfield
1303|Mark Victor Hansen
1306|Terry Windling
1307|Jane Yolen
4834|Alan Weisman
1309|Angeline Goreau
1311|Ami McKay
4337|Bill Simmons
4513|ÿπÿßÿ¶ÿ∂ ÿßŸÑŸÇÿ±ŸÜŸä
4920|A.P.J. Abdul Kalam
5095|Arun Tiwari
5220|Nate Silver
6552|Gary Russell
6566|Marjorie Flack
7454|Kurt Wiese
9145|Simon Sinek
9267|Dorothy Allison
9907|Libba Bray
1312|Alfred Bester
4220|Shaun Tan
8071|ŸÖÿµÿ∑ŸÅŸâ ŸÖÿ≠ŸÖŸàÿØ
9232|Claire Messud
1313|Augustine of Hippo
2651|Henry Chadwick
4749|Albert Cook Outler
5885|Kent Haruf
1314|Cathy Marie Buchanan
1315|Sarah Silverman
3849|Masashi Kishimoto
1316|Lauren Beukes
1317|Diane Ackerman
1318|Chris Hadfield
1444|Daniel Abraham
1960|George R.R. Martin
2344|Tommy Patterson
4421|Bret Lott
4960|ÿÆŸàŸÑÿ© ÿ≠ŸÖÿØŸä
5460|Adrian Conan Doyle
5865|John Dickson Carr
6320|Joshua Ferris
8805|Seth Godin
1320|Susanne Kuhlmann-Krieg
1327|Roland Barthes
3306|Andrew Davidson
7212|Elizabeth Smart
1329|Chris Stewart
1330|Stephen Briggs
1331|Andy Warhol
1334|Michael Slater
1338|B.J. Novak
1345|Nathan Filer
8258|John Piper
1354|Holly Black
1355|Lauren Graham
1357|Becky Albertalli
1364|Pam Morris
1365|Primo Levi
1367|Stuart J. Woolf
1369|Susan Vreeland
2343|William Steig
1370|Carolyn Jessop
5787|Laura Palmer
1371|Marcus Buckingham
4417|Curt Coffman
9878|Thornton Wilder
1372|Donald Margulies
1647|Tappan Wilder
3538|Emily Carroll
4235|Ayana Mathis
1375|John Schoenherr
1378|Gary Saul Morson
7917|Honor√© de Balzac
9834|Ted Hughes
1382|Andrew Ross Sorkin
1383|Susan Shillinglaw
1384|Carol Ryrie Brink
1386|J.I. Packer
2234|Marc Hempel
3293|Richard Case
3812|D'Israeli
6381|Teddy Kristiansen
7564|Glyn Dillon
8457|Dean Ormston
1392|Kevin Nowlan
3598|Frank McConnell
5482|Mike Allred
6750|Gary Amaro
7257|David Giordano
8489|Tony Harris
1393|Shea Anton Pensa
5908|Alec Stevens
7769|Jerry Pinkney
1395|Monica Ali
1401|Felix Salten
1403|Barbara Cooney
1427|Herodotus
1770|Aubrey de S√©lincourt
4001|John M. Marincola
1404|Matthew Pearl
5138|A. Roger Merrill
1408|Rebecca R. Merrill
1411|Nancy Garden
1415|Harriet Jacobs
1417|T. Harv Eker
1430|Hans Hermann
3574|Julie Otsuka
1419|Jennifer McMahon
1420|Marina Keegan
1432|Paolo Giordano
1433|Shaun Whiteside
1508|Skottie Young
1434|G. Willow Wilson
1435|Adrian Alphona
7227|Nalini Singh
8289|Pamela Druckerman
1437|Abby Craden
1438|Patricia Cornwell
1439|Sarah Winman
1441|Lang Leav
1443|Vince Flynn
1445|Tom Franklin
6710|Rainer Maria Rilke
1446|Reginald Snell
1447|Franz Xaver Kappus
2039|Charles Baudelaire
7504|Pierre-Ambroise Choderlos de Laclos
1451|Douglas Parm√©e
4432|E. Nesbit
7931|Irwin Shaw
1453|Gilly Macmillan
1454|Sheri Reynolds
1458|Pat Frank
1462|Flannery O'Connor
1464|Lisa Scottoline
1465|Sister Souljah
3613|Shunryu Suzuki
1466|Han Kang
1469|Deborah Smith
1475|Mark Harman
3272|Regaip Minareci
4264|≈ûerif Ye≈üilbucak
4980|Sam Harris
7114|Susane Colasanti
1477|Bryan Stevenson
1478|Brian L. Weiss
1486|Keith Ferrazzi
1487|Melina Marchetta
1492|Kimon Nicolaides
1494|Mamie Harmon
2162|Lorna Landvik
3250|K.G. Campbell
7379|Edward P. Jones
1495|James Baldwin
1507|Yuu Watase
1509|Mike Carey
1511|Glenn Fabry
1512|Naoki Higashida
1514|K.A. Yoshida
3570|W.B. Yeats
1515|Richard J. Finneran
1516|Barbara Shook Hazen
3069|Robert Lewis May
5529|Richard Scarry
1518|Kerry Patterson
1520|Joseph Grenny
1522|Ron McMillan
7673|Al Switzler
8809|Thomas Cahill
1524|Ruth Reichl
1526|Thomas Hobbes
1527|C.B. Macpherson
1529|Sandra Brown
2902|Sloane Crosley
3146|Antonia Fraser
3383|Michelle Magorian
3409|Tabitha Suzuma
4160|Danny Sugerman
5812|Jerry Hopkins
9473|Haven Kimmel
1538|A.L. Singer
6181|Guy Gavriel Kay
6454|Nora Ephron
6737|Brennan Manning
6870|Michael W. Smith
7828|Rich Mullins
8366|Naomi Klein
8439|Rachel Willson-Broyles
9772|G√ºnter Grass
9977|Shannon Hale
1539|James Noel Smith
8124|Edith Hamilton
1544|Steele Savage
5700|Anna Dewdney
8127|Al Franken
1551|Leah Remini
1558|Rebecca Paley
9867|Eric Shanower
1561|L. Frank Baum
1565|Edith Hahn Beer
3551|Susan Dworkin
4586|Susan Sarandon
5123|Julia Ormond
9574|Rory Kennedy
1566|Ree Drummond
1567|Julie Kibler
1569|Carrie Fisher
1570|Ron Rash
1739|Hampton Sides
3033|Marisa de los Santos
4081|Jeff Smith
6944|Marilynne Robinson
1571|E.L. Doctorow
1572|Ben Goldacre
1574|Plum Sykes
1575|Teddy Slater
1577|Ric Gonz√°lez
3603|Michael Punke
4740|Jon J. Muth
1580|Mikal Gilmore
1581|Clayton M. Christensen
3091|Bill Langley
3410|Foundation for Inner Peace
6264|Wayne W. Dyer
7586|Jack Weatherford
7644|Theodore Dreiser
8360|Mitchell Zuckoff
1582|Sam Kean
1583|Bill Dedman
1584|Paul Clark Newell Jr.
1586|Brother Lawrence
1587|Bob Goff
1594|Benjamin Graham
7890|Jason Zweig
9186|Warren Buffett
1595|Blanche Fisher Wright
1598|John Jowett
5354|Cassandra Clare
6025|Sarah Rees Brennan
1601|Cassandra Jean
9344|Jon Kabat-Zinn
1603|Banana Yoshimoto
1605|Megan Backus
1610|Mark Ford
7652|Kevin J. Anderson
8073|Brett Booth
1615|Jean-Jacques Rousseau
1621|Maurice Cranston
4117|Ernesto Sabato
8046|Alexander Hamilton
1622|James Madison
3252|John Jay
8471|Philo-Publius
1623|Clinton Rossiter
1624|Charles R. Kessler
1625|Julie Anne Peters
1631|Sarah Blake
1632|Orlagh Cassidy
6514|Nic Sheff
1635|Joyce Maynard
4690|Ed Catmull
1639|Amy Wallace
1640|Frida Kahlo
1643|Carlos Fuentes
1644|Sarah M. Lowe
1648|Michele Wrightson
1649|Bob McCabe
2671|Kathleen Tessaro
3136|Gabrielle Hamilton
3299|Tommy Lee
5097|Vince Neil
5914|Nikki Sixx
6261|Neil Strauss
6383|Mick Mars
6436|Theo LeSieg
8075|Roy McKie
8340|Richard R. Lingeman
9828|Brynne Stephens
1656|Lela Dowling
5658|Cynthia Martin
8053|Anne McCaffrey
1657|Susan Hill
3338|John Lawrence
3650|Barbara Robinson
5076|Steven Johnson
6475|Susan Sontag
7593|Mary McGarry Morris
8975|Michio Kaku
9630|Karen Cushman
1659|Julie James
3397|Victoria Hislop
9225|Charlie Adlard
1660|Marya Hornbacher
1661|William Davis
1663|H.P. Lovecraft
1666|August Derleth
1670|S.T. Joshi
1672|Neale Donald Walsch
8051|Felicia Day
1675|Joss Whedon
1679|Matt Fraction
1681|David Aja
1684|Javier Pulido
1686|Matt Hollingsworth
5232|Chris Eliopoulos
9157|Alan Davis
1688|Jim Lee
1691|Scott Williams
1692|Alex Sinclair
1695|Robert Hughes
1697|Ted Dekker
1698|Adam Hochschild
1700|David Ellis
8516|Christopher Gill
1705|D.B.C. Pierre
1706|Ntozake Shange
1707|Jennifer Close
1708|Stella Gibbons
2062|Roz Chast
2145|Rainer Metzger
4304|Ingo F. Walther
5926|Chris Guillebeau
6587|Trevor Noah
1711|Julie Garwood
2610|Justina Chen
2938|Carol Shields
3016|Peter H√∏eg
3516|Tiina Nunnally
5696|Julia Hoban
7542|Hillary Rodham Clinton
1715|Edmund de Waal
1717|Piers Anthony
1720|Al Perkins
2161|Eric Gurney
3655|Juan Rulfo
8268|Kelly Corrigan
1721|Michael North
1724|Heather Cocks
2951|Jessica Morgan
5857|Eugene O'Neill
1725|Mark Teague
3813|Miyamoto Musashi
1728|Victor Harris
1734|Irvin D. Yalom
1736|Aristotle
9335|J.A.K. Thomson
1738|Jonathan Barnes
5535|Hugh Tredennick
1747|Kyle Idleman
1749|William Blake
1756|Stan Berenstain
1757|Jan Berenstain
1758|H.W. Janson
1761|Anthony F. Janson
1762|Karl Marlantes
1765|Jordan Belfort
9151|Dietrich Bonhoeffer
1771|Michelle Alexander
1775|Knut Hamsun
1777|George Egerton
1778|Cristina Henriquez
1781|Brian Azzarello
5400|Lee Bermejo
6084|Sergei Lukyanenko
7753|Andrew Bromfield
1783|Jenny Offill
1784|Susan Meissner
1785|Dalton Trumbo
1786|Pierre Boulle
1787|Xan Fielding
9445|Belva Plain
9829|Henry T. Blackaby
1790|Claude V. King
1797|Richard Blackaby
3581|James Dickey
4426|Katsura Hoshino
6154|Mayumi Kobayashi
1800|Ian Caldwell
1806|Dustin Thomason
9516|Rob Sheffield
1807|Legs McNeil
1815|Gillian McCain
1816|Marybeth Mayhew Whalen
3013|Sarah Weeks
6152|Jim Carroll
8294|Lew Wallace
9538|Lionel Trilling
1826|Lolly Winston
3671|Pam Adams
5162|Mirra Ginsburg
7316|John Gardner
7742|James Gleick
1829|Kurt Busiek
1836|Carolyn Mackler
1839|Jennifer Echols
1840|Philipp Meyer
2545|Oliver Wyman
4105|Bryn Greenwood
5659|Melanie Acevedo
6731|Laura Schroff
6918|Alex Tresniowski
7112|Valerie Salembier
8050|Rhoda Janzen
1841|Ruud van der Rol
1843|Rian Verhoeven
2630|Tony Langham
3194|Plym Peters
1844|Gary Larson
1845|Pema Ch√∂dr√∂n
1847|Daisy Goodwin
8152|Al Dempster
9936|Milt Banta
1851|Golden Books
1855|Andy Goldsworthy
1859|Denis Johnson
2621|Steve Buccellato
4660|Eddie Campbell
5215|Pete Mullins
7059|Katherine Neville
7478|Edith Pattou
1862|James Strachey
2640|Peter Gay
2977|James Bowen
1865|John Cassaday
7419|Eric Weiner
1866|Richard J. Foster
4563|Muriel Spark
1874|Ben Mezrich
6107|Mariko Tamaki
1875|Jillian Tamaki
2731|Paul Harding
6373|Penelope Ward
6618|Alan Lightman
8585|Christian Redl
1877|Philip Dossick
1878|Emanuela Guercetti
6104|Michelle-Ir√®ne Brudny
1881|Norman Dietz
2873|Donald Fanger
8961|coderati
1882|Boris de Schl≈ìzer
5082|Andrew Williamson
1883|Amy Harmon
1884|Vikas Swarup
1886|Tana French
1887|Elizabeth Kolbert
1888|Ben Fountain
1895|Ronald H. Balson
1897|Dan John Miller
3831|Rachael Ray
9265|James L. Swanson
1904|Mark Edwards
1907|Michelle Moran
1909|David McRaney
1910|Ildefonso Falcones
1912|The Church of Jesus Christ of Latter-day Saints
1920|Rory Albanese
1926|Kevin Bleyer
3129|Wyatt Cenac
1927|Hallie Haglund
1929|Elliott Kalan
1933|Josh Lieb
3438|Sam Means
5002|Jo Miller
1935|John Oliver
7803|Daniel Radosh
1940|Brother Andrew
6405|J. Courtney Sullivan
1941|Meg Rosoff
2914|Dawn J. Ranck
1942|Phyllis Pellman Good
1943|Malika Oufkir
5233|Mich√®le Fitoussi
1947|Steve McNiven
1954|Dexter Vines
1955|Morry Hollowell
2703|Kim Carpenter
5122|John R. Perry
1957|Krickitt Carpenter
1967|Megan Miranda
1970|Mercer Mayer
9506|William Flanagan
1973|Inga Moore
1974|Nathan Fairbairn
1978|Jen≈ë Barcsay
4932|John Saul
1985|Jean Sasson
4119|Joseph Murphy
1988|Ian McMahan
5325|Esther Forbes
1990|Lynd Ward
1992|Ernesto Che Guevara
1996|Aleida Guevara March
1998|Roberto Bola√±o
3890|Natasha Wimmer
1999|Stefan Zweig
6787|Joel Rotenberg
2001|Hans Hausmann
2002|Dirk Muller
2005|Willy Trenk-Trebitsch
2603|Mario Adorf
2899|Gert Westphal
3334|Justine Korman Fontes
3767|Don Williams
8282|Sally Bedell Smith
8427|Charlotte Barslund
9070|John Layman
2007|Rob Guillory
2010|Linda Sue Park
2015|Arkady Strugatsky
2020|Boris Strugatsky
6988|Antonina W. Bouis
8463|Theodore Sturgeon
2022|Aram Saroyan
2024|Amanda Palmer
3342|Ann Brashares
2026|Chris Smith
2027|Christopher Lee
2698|Richard Taylor
2033|Arturo P√©rez-Reverte
7450|Sonia Soto
2035|Douglas Coupland
2036|Viet Thanh Nguyen
2060|William Archer
5640|P.C. Cast
2042|Kristin Cast
2044|Caroline Myss
4836|Beatriz Williams
8977|Gary D. Schmidt
2051|Judy Schachner
2053|Brian Tracy
2061|Sandra Boynton
2063|Wallace D. Wattles
4722|A. Manette Ansay
2064|Robert Harris
2067|Bertrand Russell
2068|Nigella Lawson
2073|Thomas Malory
2323|Keith Baines
2595|Robert Graves
3029|Cupcake Brown
3569|Kate Douglas Wiggin
3620|Anton Chekhov
3640|S.C. Gwynne
3760|Jennifer Donnelly
4353|Robert Sabuda
4756|Ross King
4924|Harry Gregson-Williams
5423|Carolyn Brown
5525|E.E. Cummings
6200|Matthew Thomas
6306|Mary Pipher
6324|Kate Brian
6399|Russell Hoban
2075|Lillian Hoban
4087|Max Barry
7308|Donna Murphy
7558|Cece Bell
8148|David Lasky
2076|Jude Deveraux
2083|G.M.A. Grube
3183|John M. Cooper
3738|Charles R. Cross
3984|Thucydides
5248|Moses I. Finley
5902|George Stade
7447|Richard Fusco
2087|John Hart
8094|Donald A. Yates
2092|James E. Irby
8481|Andr√© Maurois
2093|Patricia Highsmith
2097|Tim Harford
2099|Frank E. Peretti
2100|Drew Daywalt
2102|Oliver Jeffers
6517|Katie J. Davis
2103|Beth Clark
2107|Kathleen Kent
2108|Thomas Mann
2111|Michael Connelly
2114|Patricia Reilly Giff
6199|Barry Schwartz
2115|Annette Curtis Klause
8229|David Brin
2117|Janet Switzer
2122|Alexander Osterwalder
2980|Yves Pigneur
2124|Stephen Greenblatt
2127|Margaret George
2129|Norman Doidge
2131|J. Ryan Stradal
2132|Ann McGovern
2139|Winslow Pinney Pels
2142|Winslow Pinn
2143|Ey Pels
2144|Alaa Al Aswany
2147|ÿπŸÑÿßÿ° ÿßŸÑÿ£ÿ≥ŸàÿßŸÜŸä
8138|Koren Zailckas
2148|Bill Buford
2151|Clarissa Pinkola Est√©s
2157|Donald O. Clifton
2158|Chris Anderson
2163|Adolf Hitler
2166|Sean Covey
2168|Thanhha Lai
2173|Jude Fisher
5938|Guy Kawasaki
2175|Wes Moore
3421|Tavis Smiley
2176|Naoko Takeuchi
2177|Ê≠¶ÂÜÖ Áõ¥Â≠ê
2181|Susan Elizabeth Phillips
2186|Katherine Streeter
4129|Greg Iles
4153|Jay McInerney
5086|Syd Hoff
9280|Giovanni Boccaccio
2187|G.H. McWilliam
2190|Alice Munro
2191|Eileen Christelow
2192|Andrew Hurley
4317|Haley Riordan
2197|Neil Patrick Harris
2199|Antony Hare
2993|Josh McDowell
2205|Rita Mae Brown
2206|Marianne Williamson
2210|Charles Portis
3403|Susan Jeffers
7728|Matthew Dicks
2216|Susan Crandall
2218|Nikos Kazantzakis
5901|ŒùŒØŒ∫ŒøœÇ ŒöŒ±Œ∂Œ±ŒΩœÑŒ∂Œ¨Œ∫Œ∑œÇ
2220|William H. Armstrong
2221|James Barkley
2222|Lawrence M. Krauss
2226|Slash
4661|Anthony Bozza
8623|Hazel E. Barnes
2227|Mary Warnock
2228|Richard Eyre
2229|Rachel Carson
2230|Linda Lear
3120|Edward O. Wilson
4275|Holly Madison
4445|Nadia Hashimi
2231|Martha Stout
2240|Jeff Kinney
2243|Charles Belfoure
2247|Esther Hicks
2251|Jerry Hicks
6907|Henry Fielding
8938|Thomas Keymer
9771|Alice Wakely
2253|Sherwood Anderson
8121|Joanne Harris
2255|Matthew Inman
2256|The Oatmeal
2257|Ted Goossen
2259|Per Petterson
2263|Anne Born
2266|Doug Moench
6886|Jim Aparo
2273|Norm Breyfogle
2280|Graham Nolan
3180|Jim Balent
4770|Willem Dafoe
8842|Rick Bragg
2284|Leigh Nichols
2286|Stephen Coonts
2288|Enid Bagnold
2289|Richard Branson
5175|Aristophanes
7934|Sarah Ruden
8995|Peter Clines
9270|Scott Jurek
2292|Steve Friedman
2295|Max Lucado
2297|T.C. Boyle
2298|Eugene B. Sledge
2300|Paul Fussell
5113|Eleanor Estes
5674|Louis Slobodkin
6642|Karma Wilson
6720|Jane Chapman
8663|Alexander Theroux
2302|Lionel Abel
2305|ŸÖŸÜŸâ ÿßŸÑŸÖÿ±ÿ¥ŸàÿØ
2308|Robert S. Levine
2309|Glennon Doyle Melton
2310|W.E.B. Du Bois
8513|Donald B. Gibson
9529|Monica W. Elbert
2311|Hannah Green
2315|Joanne Greenberg
2316|Shonda Rhimes
6892|Marguerite Duras
7008|Barbara Bray
9392|Maxine Hong Kingston
2318|John Updike
2320|Stephanie Danler
2326|Edward Bloor
2327|Danny De Vito
2328|Bryan Burrough
2329|John Helyar
2330|David Fishelson
2748|Aaron Leichter
2334|Timur Vermes
2335|Chris Pavone
2336|Richard Winston
2337|Clara Winston
2338|Theodore Ziolkowski
8521|Kevin Powers
2340|Tawni O'Dell
2546|Robin A.H. Waterfield
4009|Harry Bliss
5355|Claire LaZebnik
2342|Richard Condon
2346|Shane Claiborne
2348|John Medina
2349|Richard C. Morais
2350|Anthony Horowitz
2353|Tim Burton
2354|Edwidge Danticat
4813|Louis-Ferdinand C√©line
6728|William T. Vollmann
2355|Matt Haig
2360|Essam Youssef
2362|Shaunti Feldhahn
2363|Lynsay Sands
2366|Jasper Fforde
2367|Adam Smith
5456|Richard Ford
2368|Antony Beevor
2370|Beryl Markham
2371|Steven Galloway
3835|Lisa Kleypas
4302|Betty White
7331|Ren√© Descartes
9273|Donald A. Cress
2372|James Surowiecki
2874|James Herbert
3097|Jason Winters
3213|Marilyn Manson
3258|BookRags
3605|Bernard Waber
3873|ÿ≥ŸÖÿßŸÜŸá Ÿæÿ±Ÿá€åÿ≤⁄©ÿßÿ±€å
4172|Rob Bell
4259|Edward Said
4430|Nicholas Meyer
4615|Jonathan Harr
4754|Sonia Sotomayor
5006|Immanuel Kant
5174|Paul Guyer
5411|Allen W. Wood
5522|Rien Poortvliet
5818|Wil Huygen
6267|John Stuart Mill
6942|Alan Cumming
6994|D.M. Pulley
7631|Rebecca Housel
7704|J. Jeremy Wisnewski
7968|William Irwin
7982|Eric Berne
8860|Alexandre Dumas fils
9493|David Coward
2374|Rachel Hauck
3692|Stephen C. Lundin
2375|Harry Paul
2517|John Christensen
4286|Vi Keeland
5756|Mark Helprin
6695|Thomas Paine
8786|Adeline Yen Mah
8849|Michel Houellebecq
9233|Frank Wynne
2378|Roy Thomas
3204|Mark D. Beazley
3209|Paul Tough
3766|Scott B. Smith
4362|Giorgio Vasari
4547|Julia Conway Bondanella
4600|Peter Bondanella
4631|Christos Tsiolkas
5534|Robert Henri
5790|Forbes Watson
5916|Margery A. Ryerson
6360|Camille Pag√°n
8765|Caroline Preston
9565|Myla Goldberg
2386|Ram Dass
2387|Richard Alpert
2388|Brad Stone
2396|Ashwin Sanghi
2397|Norman Mailer
2403|James M. McPherson
2409|Michael Teitelbaum
4847|Sue DiCicco
6526|Rob Buyea
7853|Larry Bossidy
7891|Ram Charan
2414|Charles Burck
2419|Caitlin Doughty
5699|Christopher Golden
8782|Simon Wood
2420|Grace Lin
8487|Mary Kay Andrews
2424|S.K. Tremayne
2425|Michael Moss
2426|Helene Hanff
2435|Thich Nhat Hanh
7658|Arnold Kotler
2436|Anna Kendrick
2438|Robert Masello
7878|Jim Starlin
2439|Mike DeCarlo
2441|James E. Talmage
2442|Don Ferguson
2444|Lucasta Miller
3335|collaborative
2446|Jessica Cox
2449|Paul Beatty
2450|Lee Child
2454|Dick Hill
8330|Jenna Miscavige Hill
2459|Lisa Pulitzer
2462|James J. Helm
7397|Penn Jillette
2463|Diane Muldrow
2465|J.P. Miller
2466|Dan Simmons
5716|John Heilemann
7832|Mark Halperin
2467|Joni Eareckson Tada
8746|Joe Musser
9796|Shakti Gawain
2473|Anya Seton
2474|Philippa Gregory
2478|Marina Lewycka
2479|Harold G. Moore
2481|Joseph L. Galloway
2482|Mike Lupica
2484|Julia Quinn
2485|Jun Mochizuki
5930|ÊúõÊúàÊ∑≥
2490|Kathryn Erskine
2492|ÿ£ÿ≠ŸÖÿØ ÿ≠ŸÑŸÖŸä
2495|Joshua Harris
2496|Kaye Gibbons
6827|Nahum N. Glatzer
2498|Tania Stern
6996|Ernst Kaiser
2499|Eithne Wilkins
2505|Isa Chandra Moskowitz
2514|Terry Hope Romero
2516|Sabahattin Ali
9042|Charles M. Sheldon
2523|Elissa Wall
2526|Ed Brubaker
5401|Doug Mahnke
7299|Patrick Zircher
2530|Aaron Sowd
2534|Steve Bird
2538|Ben Horowitz
2540|Russell Brand
2541|Simon Garfield
2544|R.D. Ronald
2548|John Katzenbach
2555|Kevin Wilson
8517|Chris Gardner
2557|Karl Ove Knausg√•rd
2559|Tom Murphy
2560|Grant Naylor
2566|G.K. Chesterton
2572|Jane O'Connor
2578|Robin Preiss Glasser
2582|Howard Roughan
2586|Chris Riddell
2588|Tobias Wolff
7472|Moli√®re
9929|Martin Sorrell
2592|Larissa Ione
5518|James Rollins
2597|David D. Burns
2598|Melody Beattie
2600|Ivan Goncharov
2615|Stephen Pearl
2617|Galya Diment
2618|Po Bronson
2627|Ashley Merryman
2628|Chris Ware
2635|Carlos Ruiz Zaf√≥n
2636|Matt Ridley
3307|Phil Klay
2637|James M. Cain
2638|Robert Kurson
2643|Clare Vanderpool
2644|Amitav Ghosh
2647|Jessica Anthony
2649|Rodrigo Corral
2650|Naguib Mahfouz
2652|ŸÜÿ¨Ÿäÿ® ŸÖÿ≠ŸÅŸàÿ∏
2654|Rachel Simon
3500|Allen Say
4914|Robert Silverberg
6380|Melinda Long
6744|Linda Howard
7464|Linwood Barclay
7747|Katherine Hannigan
2655|Aldo Leopold
2656|Eric Knight
2660|Marguerite Kirmse
2663|T. Colin Campbell
2667|Thomas M. Campbell II
2668|Julia Donaldson
2670|Axel Scheffler
2672|Kiera Cass
2675|Paul Bowles
8803|Lily Koppel
2678|Frank B. Gilbreth Jr.
2679|Ernestine Gilbreth Carey
2680|Douglas Preston
2681|Mario Spezi
4721|Daniel Woodrell
9518|Jessica Seinfeld
2686|Philip Gourevitch
2688|Jonathan Cahn
2853|Bryan J.L. Glass
3184|Tim Seeley
2689|Hugo Petrus
2696|Raymond E. Feist
2700|J.R. Ward
2702|Julio Cort√°zar
8901|Eric Clapton
2709|Ted Chiang
2713|Mario Vargas Llosa
2716|Heidi W. Durrow
2717|Habiburrahman El-Shirazy
2720|Chris Grabenstein
2724|David Wiesner
2725|Mercedes Lackey
2726|Marjorie Kinnan Rawlings
4143|Ozzy Osbourne
4165|Chris Ayres
2727|J. Maarten Troost
2729|Bill Clegg
2732|Elisabeth K√ºbler-Ross
2736|Jesmyn Ward
2738|Stephanie Perkins
2739|Ally Carter
8409|Matt de la Pena
2742|Jenny Han
2743|Kelly Link
2744|Myra McEntire
2747|Laini Taylor
4704|Kiersten White
5024|Cliff Rathburn
6808|Danny Gregory
8692|Michel Foucault
2749|Alan Sheridan
4991|Thomas Mathiesen
2752|Walter Seitter
2753|Drago Braco Rotar
4389|Arina Tanemura
8201|Joe McGinniss
2757|Sudhir Venkatesh
2758|Laline Paull
2760|Elizabeth George
6568|Ann Leary
2761|Rudolfo Anaya
2763|Alessandro Baricco
2765|Archibald Colquhoun
2766|Kate Alcott
2769|Ken Grimwood
2771|David Eagleman
3691|Neil deGrasse Tyson
5211|Marissa Meyer
8017|Sarah Simblet
2772|Simon Singh
2775|Angela Carter
2777|Simon Schama
2778|Michelle Knight
8993|Michelle Burford
2784|Jasmine Warga
2789|Kim Gordon
3925|Anne Bishop
6908|Travis Moore
8631|Michael Halbleib
9333|Stephenie Meyer
9852|S√∂nmez G√ºven
2790|David Thomson
5664|A.S. King
2795|Simone de Beauvoir
6127|H.M. Parshley
2796|Deirdre Bair
2797|Grace Ellis
2801|Shannon Waters
2804|Shannon Watters
2805|Brooke A. Allen
2809|Faith Hicks
2810|Kat Leyh
3076|Brooke Allen
3131|Carolyn Nowak
2818|Carey Pietsch
8065|Elaine N. Aron
2820|Chitra Banerjee Divakaruni
2823|H.W. Brands
2824|Yoshihiro Togashi
2827|ÂÜ®Ê®´ Áæ©Âçö
3841|Lucy Grealy
5061|Kingsley Amis
6069|David Lodge
6276|Jeff Hobbs
6975|Li Cunxin
7889|C.G. Jung
8199|Aniela Jaff√©
8399|Ÿäÿßÿ≥ÿ± ÿ≠ÿßÿ±ÿ®
9628|Suzanne Rappaport
9866|Founding Fathers
2829|Gilles N√©ret
2831|Malcolm Lowry
2832|Rachel Abbott
2834|Kate Beaton
2837|Ann Packer
2838|Sogyal Rinpoche
2839|Andrew Harvey
6358|Michael J. Fox
2840|John Joseph Adams
2844|Robert J. Sawyer
2847|Michael Moorcock
2851|Sharyn McCrumb
2852|Stephen Baxter
2854|Barbara Hambly
4383|Tanith Lee
2855|Rob Rogers
2856|Dominic Green
3847|Laurie R. King
9786|Barbara Roden
2857|Peter Tremayne
2867|Tim Lebbon
2869|Bradley H. Sinor
4640|Edward D. Hoch
5346|Vonda N. McIntyre
8818|Darrell Schweitzer
2875|Mary Robinette Kowal
2876|H.Paul Jeffers
2879|Geoffrey A. Landis
3348|Amy Myers
2885|Tony Pi
2892|Chris Roberson
3151|Mark Valentine
2896|Gigi Levangie Grazer
2897|Kƒ±van√ß G√ºney
5625|Sinclair Lewis
8045|John Rocco
9514|Erika Swyler
2898|Frederick Franck
6602|Helen Oyeyemi
7349|David Brooks
8799|Thomas S. Kuhn
9376|Andrea Levy
2903|Peter M. Senge
2905|Arthur Koestler
2906|Daphne Hardy
2907|Elizabeth Flock
4201|Malinda Lo
2908|Diane Arbus
2910|Stan Grossfeld
2912|Doon Arbus
9874|Marvin Israel
2915|Leo Lionni
2917|Eoin Colfer
2918|Camron Wright
8566|Harvey Karp
2922|Dee Lestari
9783|Gordon Korman
2925|Dallas Hartwig
2926|Melissa Hartwig
8456|Ted Kerasote
2927|Marshall Goldsmith
3894|Mark Reiter
2928|Kwame Alexander
2931|Alan Hollinghurst
2933|Susanna Kearsley
2934|Peter F. Drucker
2937|Kieron Gillen
2943|Jamie McKelvie
2945|Matt Wilson
3856|Clayton Cowles
7093|Tetsuko Kuroyanagi
2946|Chihiro Iwasaki
2948|Dorothy Britton
2950|Roger Lowenstein
2952|Natalie Goldberg
2953|Liza Marklund
6917|Julietta Suzuki
2956|Aron Ralston
2958|Avery Monsen
2960|Jory John
2963|Johnny Cash
5968|Patrick Carr
7977|Isak Dinesen
2967|Karen Blixen
2969|Marieke Nijkamp
5506|Steven Pinker
6353|Cynthia Marshall
8320|Zane
2973|Randy Shilts
2975|William Greider
2978|Brigitte Sire
2982|Gilbert Sorrentino
2999|John Banville
3002|L.E. Modesitt Jr.
3003|George R. Stewart
3008|Lincoln Child
3009|Diane Mowat
9762|W.W. Jacobs
3012|Jerry Bridges
3018|Foster W. Cline
5014|Jim Fay
5077|Anne Rivers Siddons
5135|Eric S. Nylund
5797|Frank De Felitta
5801|Nathan Hill
6146|J. Sheridan Le Fanu
6304|Craig Ferguson
6715|Charlotte Rogan
6742|Henryk Sienkiewicz
7570|W.S. Kuniczak
8002|Deborah Guarino
8012|Steven Kellogg
8030|Jacob Tomsky
8514|Tony Horwitz
8830|Robert Descharnes
9000|Laura Dave
9068|Lori Lansens
9885|Wiley Cash
3020|Sheri Fink
3021|Guy de Maupassant
3022|Norman Maclean
3024|Mar√≠a Due√±as
3026|Daniel Hahn
3028|Deborah Blum
4385|Elizabeth Scott
5182|Ananda Maitreya
7209|Balangoda Ananda Maitreya Maitreya
3034|Maxine Paetro
4557|Elisabeth Elliot
5305|ÿÆÿßŸÑÿØ ÿßŸÑÿÆŸÖŸäÿ≥Ÿä
6300|Khaled Al Khamissi
3037|Gail Tsukiyama
3038|Sally Thorne
3041|Julia Heaberlin
3046|Alton Brown
3048|Carrie Brownstein
3049|The Arbinger Institute
6593|Jock
3051|Francesco Francavilla
3054|Jared K. Fletcher
3055|Sal Cipriano
3056|David Baron
3059|Marshall Karp
3062|James Cameron
3065|Katarina Bivald
3071|Alice Menzies
3572|Christian Lander
5081|Heather Dixon
3074|Rachel Dratch
6317|Willy Lindwer
3077|Deborah Rodriguez
3078|ŸÖÿ≠ŸÖÿØ ÿßŸÑÿ≥ÿßŸÑŸÖ
3082|Rachel Kushner
3085|Deborah Feldman
3086|Gary Vaynerchuk
3088|Lloyd C. Douglas
3090|Ellen Titlebaum
3093|Anton DiSclafani
5990|Gavin de Becker
3094|Willard F. Harley Jr.
3099|Sadegh Hedayat
4026|D.P. Costello
5538|Eric Litwin
6386|James Dean
6418|Melinda Haynes
9121|Danielle Steel
3100|Maura McEvoy
3101|Allison Pearson
3102|Carol Tavris
4168|Elliot Aronson
8421|T.R. Ragan
9613|Gina Mayer
3104|Jill Bolte Taylor
3106|Iain Pears
3109|Donny Dhirgantoro
8687|Geoffrey A. Moore
9998|Regis McKenna
3111|Neil Shubin
5714|Bob Ong
7035|Robin Hobb
7128|Linda Asher
7766|Loung Ung
9499|Owen West
3115|Stephen M.R. Covey
3189|Betty Mahmoody
3201|Joseph Kesselring
3571|Darcie Chan
3859|Jon Lee Anderson
3902|Verna Aardema
3926|Leo Dillon
4433|Diane Dillon
4805|Tom Rob Smith
4946|Rebecca Solnit
5017|Alfred Uhry
3119|ŸÖŸÜŸâ ÿßŸÑÿÆŸÖŸäÿ≥Ÿä
3122|Allan Pease
3123|Barbara Pease
3124|Farley Mowat
3128|Merlin Holland
3340|Cook's Illustrated Magazine
4579|John Burgoyne
6665|Carl Tremblay
7214|Louise Penny
7260|Laura C. Schlessinger
8539|F√°bio Moon
3130|Gabriel B√°
3134|Sean Konot
3139|Brit Bennett
3142|Masha
3488|Marie Simchow Stern
8220|Taylor Jenkins Reid
3143|David Timson
3148|Peter Snejbjerg
3149|Christopher Isherwood
3152|Eliza Wheeler
3156|Joseph Fink
5851|Jeffrey Cranor
3159|Eve Ensler
3162|Gloria Steinem
3623|Barbara Delinsky
3823|Wendy Mass
3164|Edmund White
3169|Ronald A. Beers
3170|Julianne Donaldson
3172|Barron Storey
3181|Bill Sienkiewicz
3187|Milo Manara
5553|Miguelanxo Prado
3196|Olivia Goldsmith
3200|Maggie O'Farrell
4925|Joanna Trollope
6754|Hugh Osborne
3203|Y≈çko Ogawa
3206|Stephen Snyder
3207|Niall Ferguson
3212|C.J. Bott
3217|Denise Kiernan
9970|Mark Dunn
3222|Tess Gerritsen
3224|Paul Tremblay
3225|Anne McLean
3227|Jason F. Wright
3230|Dav Pilkey
3232|George Beard
3235|Harold Hutchins
3237|Tasha Tudor
3238|Paulo Freire
5032|Myra Bergman Ramos
3243|Donaldo Macedo
3248|Richard Shaull
3251|Brad Meltzer
4760|Rags Morales
3253|Michael Bair
4614|Bryan Konietzko
3256|Michael Dante DiMartino
3257|Aaron Ehasz
3259|Alison Wilgus
3261|Amy Kim Ganter
3266|Brian Ralph
3267|Corey Lewis
7591|Dave Roman
3268|Elsa Garagarza
3270|Ethan Spaulding
3282|Frank Pittarese
5344|J. Torres
3284|Joaquim Dos Santos
3288|Johane Matte
3292|John O'Bryan
3296|Joshua Hamilton
7261|Justin Ridge
3305|Kaite Mattila
3810|May Chan
4059|Rawles Marie Lumumba
5786|Reagan Lodge
7873|Tim Hedrick
8034|Tom McWeeney
3308|Catherine McKenzie
3310|Margaret Sidney
3313|Jim Bouton
3315|Harriet Lerner
3317|Burton G. Malkiel
3325|Julie Klassen
3320|Claire Huchet Bishop
3321|Paul Murray
9754|Tony Kushner
3323|Dorothy Koomson
3324|John Keats
8013|Joseph Boyden
3327|Khushwant Singh
3331|Craig Silvey
4151|Michael A. Singer
3332|Marlon James
5645|Nina LaCour
5755|Jami Attenberg
3343|Thomas Piketty
4576|Arthur Goldhammer
3344|Kay Thompson
3345|Hilary Knight
3346|Peter Carey
3349|Nathanael West
3352|Alfred Kazin
5104|Keri Arthur
7418|John Darnielle
3353|Ori Brafman
3356|Rom Brafman
3361|Marguerite Henry
3364|Wesley Dennis
3368|Iris Chang
3370|Jerry A. Coyne
3373|Sarah Jane Hails
3376|Jen Sincero
3377|Jill Mansell
3379|Iain M. Banks
3381|Kurtis J. Wiebe
3385|Roc Upchurch
3387|Edan Lepucki
3390|Jennifer Chiaverini
3392|Safiy al-Rahman al-Mubarakfuri
3395|Sarah McCoy
3396|Trina Schart Hyman
3398|Johann Grimm
3400|Martin Pistorius
3402|Megan Lloyd Davies
3404|Greg McKeown
3406|Dorothy Kunhardt
3413|Dian Fossey
3415|Jeffery Hudson
3417|Adelle Waldman
4788|Matthew Norman
3419|Michael Frayn
3423|Cornelius Ryan
3425|Janet Evanovich
3427|C.J. Redwine
9386|Taylor Caldwell
3429|Mariana Zapata
9348|Joseph Wambaugh
9422|Kelly McGonigal
9477|A. Michael Matin
9594|Paul Edwards
3432|Alain de Botton
3433|Heinrich B√∂ll
3435|ŸÖÿ≠ŸÖÿØ ÿßÿ≥ŸÖÿßÿπ€åŸÑ‚Äåÿ≤ÿßÿØŸá
3436|Laura McHugh
3437|Richard Wilhelm
6874|Cary F. Baynes
7983|Nick Offerman
8267|Rafael Albuquerque
8408|Alexis de Tocqueville
9015|Isaac Kramnick
9593|Gerald Bevan
3442|Erica Bauermeister
3443|Bernard Cornwell
3446|Roddy Doyle
3447|Martin Amis
6993|Chris Ryall
3448|Brian Herbert
3449|Joseph O'Neill
3450|Steve Berry
3451|Alan Bennett
3457|ÿ®Ÿáÿ±ÿßŸÖ ŸÖŸÇÿØÿßÿØ€å
3459|Steve Niles
3460|Ben Templesmith
3465|Youssef Ziedan
3466|Titus Lucretius Carus
3468|Omar Khayy√°m
3469|Baruch Spinoza
3472|David Hume
3808|James Boswell
4942|Leslie Stephen
3475|Anatole France
5039|Emma Goldman
5133|Carl Van Doren
6068|H.L. Mencken
7040|Albert Einstein
7791|John Betjeman
8461|Chapman Cohen
3479|Philip Larkin
3480|John Leslie Mackie
3481|Michael Shermer
3482|A.J. Ayer
3484|Daniel C. Dennett
8906|Charles Templeton
3485|Victor J. Stenger
3625|Elizabeth S. Anderson
5531|Steven Weinberg
5806|Ibn Warraq
6062|A.C. Grayling
3487|Fritjof Capra
5362|Kathryn Croft
6680|Ren√©e Knight
9573|Richard Dixon
3491|Hiroyuki Takei
3493|George Sher
3495|Jack Finney
3498|Melvin Burgess
5583|Keigo Higashino
7433|Alexander O. Smith
3499|Daniel Silva
3501|Niko Henrichon
3502|Jenny McCarthy
3504|William Zinsser
3505|Thomas A. Harris
3523|Jane Werner Watson
3506|Corinne Malvern
3509|Boris Vian
3519|Martin Heidegger
4250|Jonathan Kozol
8107|Thomas Tryon
3521|Daniel Tammet
3525|Conor Grennan
3535|Kaui Hart Hemmings
3539|Mark T. Sullivan
3540|Sherwood Smith
3542|Victoria Kann
3543|Elizabeth Kann
3546|Ilan Stavans
3646|Robert William Chapman
5011|Julee Rosso
6021|Sheila Lukins
3548|Michael McLaughlin
3552|Keri Hulme
3553|Gavin Extence
4884|Diana Hammermeister
5619|J.G. Ballard
6843|K.R. Dwyer
7492|Jeffrey Toobin
7571|Sarah Jio
7761|Kyung-Sook Shin
8284|Ïã†Í≤ΩÏàô
9227|Chi-Young Kim
9507|Brian Michael Bendis
3555|Olivier Coipel
3556|Tim Townsend
8618|Rick Magyar
3557|John Dell
3558|Scott Hanna
3560|James Taveras
7579|Omar Otieku
7794|Tom Valente
9263|Esad Ribic
3561|Booker T. Washington
3564|Ishmael Reed
3568|Gertrude Crampton
3575|Robert Fulghum
3578|Matthew Reilly
7282|Sarah Macdonald
8087|Lisa Jewell
3579|Steven Levy
6866|David Small
8384|Ellis Avery
3582|Jay Bonansinga
3586|Jerzy Kosi≈Ñski
5120|Jonathan Haidt
9097|Ilya Ilf
3587|Eugene Petrov
3590|Maurice Friedberg
3593|John H.C. Richardson
3595|Kimberly Kirberger
3596|Megan Abbott
8257|The Beatles
3597|Paul McCartney
3599|Ringo Starr
3602|John Lennon
3604|George Harrison
3606|Christopher Ryan
6110|Cacilda Jeth√°
6631|Annette Pollert
3615|L.J. Smith
3618|Vera B. Williams
6245|Margaret Weis
3630|Tracy Hickman
3631|David Hahn
6714|Jen Hatmaker
3634|Chip Zdarsky
4549|Byron Katie
3635|Stephen Mitchell
3638|Sid Fleischman
3642|Peter S√≠s
3643|Carolyn Keene
3645|John A. Bertolini
3656|Elizabeth Hall
5918|Richard Rhodes
3658|Richard Koch
3659|David V. Erdman
3660|Katsuhiro Otomo
3661|Yoko Umezawa
3662|Linda M. York
3669|Jo Duffy
3674|Julie Maroh
7291|William Least Heat-Moon
3675|Jenny Davidson
3676|Spencer W. Kimball
3682|Anne Fortier
9183|Gerard Way
3683|Nate Piekos
3684|Tony Ong
4078|Jessica Livingston
4800|Leila Sales
4859|Gloria Naylor
5134|Jacob Wyatt
6256|Petra Durst-Benning
6758|Samuel Willcocks
7021|Maggie Shipstead
7092|Sharon Kay Penman
9268|Scott Pratt
9965|Irving Shulman
3685|Steve Krug
3689|Lindy West
3694|L.M. Montgomery
3695|Stephen R. Bissette
3696|John Totleben
8400|Rick Veitch
3698|Ramsey Campbell
3700|Karl Weber
3704|Catherine Coulter
3707|Herman Wouk
3708|Becca Fitzpatrick
3715|Thomas √† Kempis
3716|William Benham
3717|Peter Shaffer
3719|Joseph Delaney
3720|Patrick Arrasmith
3721|Sam Smith
6124|Doug Grud
3724|John Ortberg
3726|Janice Y.K. Lee
3730|Livia E. Bitton-Jackson
3733|Roy F. Baumeister
3734|John Tierney
3735|Ford Madox Ford
3736|Kenneth Womack
3747|William Baker
3751|Tony Shasteen
3755|Nei Ruffino
9995|Stephen Fry
3761|John Corey Whaley
3762|Shiv Khera
3763|Leil Lowndes
3765|Gosho Aoyama
3773|Joshilyn Jackson
3774|Phil Knight
3782|Andrew Loomis
9939|Tim Winton
3785|Jack Ketchum
3787|Natsuo Kirino
3789|Philippa Pearce
6219|Susan Einzig
6781|David Perlmutter
8553|Kristin Loberg
3790|Annie Dillard
4188|Daron Acemoƒülu
3791|James A. Robinson
4654|Marti Olsen Laney
6852|Daphne Merkin
3799|Gary Taubes
3800|John M. Barry
6476|Paul Hattaway
3802|Brother Yun
3809|Saul Bellow
4325|Tim Johnston
5976|Kentaro Yabuki
7865|Martha Stewart
3811|Victor Schrager
3815|Reginald Rose
3817|David Mamet
3820|Simon Bisley
3821|Bernie Mireault
4157|Anne Enright
6240|Tori Spelling
3822|Julia Scheeres
3825|Langston Hughes
3827|Caroline Alexander
3840|Lin-Manuel Miranda
3843|Jeremy McCarter
6961|Victoria Blake
9449|Janet Briggs
9475|Beth Wittlinger
3844|Truddi Chase
3845|Robert A. Phillips Jr.
4382|Amy Efaw
5557|Mhairi McFarlane
7719|Kevin D. Mitnick
3853|William L. Simon
3868|Steve Wozniak
3869|Robin Oliveira
3872|R.C.S. Libri
3877|Robert Graysmith
3878|Lisa Lutz
3881|Graeme Base
3882|Leslie Feinberg
3885|Jennifer L. Armentrout
3887|Helen Marion Palmer
5886|Dean Karnazes
6035|Alexandra Potter
7167|Rajaa Alsanea
3888|Carrie Vaughn
3889|Ha Jin
9794|Judith Guest
3892|Jen Wang
3895|Dylan Thomas
3896|Jerome Lawrence
9202|Robert E. Lee
3897|Tony Hawks
3898|Charlie Jane Anders
3899|Amanda Knox
3900|J.J. Abrams
3903|Doug Dorst
3905|Heather O'Neill
8346|ŸÖÿ≠ŸÖÿØÿπŸÑ€å ŸÅÿ±Ÿàÿ∫€å
3907|ŸÇÿßÿ≥ŸÖ ÿ∫ŸÜ€å
3908|Richard A. Knaak
3913|Carolyn Parkhurst
4531|Ina May Gaskin
3916|Melissa M√ºller
3922|Rita Kimber
3923|Robert Kimber
3928|Ambrose Bierce
5670|Katherine Allred
3930|Miriam Toews
3931|Robert Muchamore
3934|Charles Stross
3936|Sara Noviƒá
6556|Rachel Maddow
7016|Don Winslow
9045|Stephanie Dray
9124|Laura Kamoie
9803|Cynthia Kadohata
3939|Peter Gross
3946|Preeti Shenoy
3948|Robert Hurley
7353|Steven Naifeh
3949|Gregory White Smith
3950|Thomas Moore
3951|Laurie Notaro
7117|Alice McDermott
3953|Michael Thomas Ford
3954|Elizabeth Ross
3955|ROFry
3959|Trinka Hakes Noble
3960|Dorothy Gilman
6887|Christiane F.
7817|Kai Hermann
3961|Horst Rieck
3962|Hugh Laurie
4988|R.K. Narayan
3964|Mark Manson
3969|James Grady
3971|Jeff Hertzberg
3972|Zo√´ Fran√ßois
3973|Mark Luinenburg
3977|V.S. Naipaul
3979|John Locke
3985|Elizabeth Eulberg
3986|Nicholas Carr
3987|Natasha Solomons
3991|Martin Luther King Jr.
3994|Clayborne Carson
4003|Mineko Iwasaki
4004|Rande Brown
4005|James Tynion IV
4010|Jason Fabok
4015|Becky Cloonan
4016|Andy Clarke
4018|Sandu Florea
6046|Howard E. Wasdin
8846|Stephen Templin
4019|Gordon B. Hinckley
4021|Irin Carmon
4028|Shana Knizhnik
5997|James Anderson
9917|George Carlin
4029|Firoozeh Dumas
4031|John P. Kotter
4032|Gene Wolfe
4035|Georgette Heyer
4037|Friedrich A. Hayek
4039|Marko Kloos
4043|William P√®ne du Bois
4046|Donald A. Norman
5510|Margaret Peterson Haddix
4050|Cathy Glass
9688|Joanna Weaver
4051|Laura Lippman
4053|Leslye Walton
4054|Anna Lee Waldo
4055|Stephen E. Robinson
4061|Amanda Hocking
4064|Loreth Anne White
4067|Deb Perelman
4069|J. Michael Straczynski
4071|Shane Davis
4072|Sandra Hope
4075|Barbara Ciardo
9956|Rob Leigh
4080|John Foxe
4090|W. Grinton Berry
4091|Michael Dorris
4096|Simon Kuper
8417|Stefan Szymanski
4097|Lurlene McDaniel
4099|Sandy Hall
4100|James L. Ferrell
4102|Betty Friedan
5635|ÿπÿ®ÿØÿßŸÑŸÑŸá ÿßŸÑŸÖÿ∫ŸÑŸàÿ´
9816|A.G. Riddle
4103|Meg Jay
4106|John McCrea
4107|David Colbert
4109|Peter H. Reynolds
8488|ŸÖÿ≠ŸÖÿØ ÿπÿ®ÿØ ÿßŸÑÿ±ÿ≠ŸÖŸÜ ÿßŸÑÿπÿ±ŸäŸÅŸä
4110|Bruce Sterling
4111|James Allworth
4115|Karen Dillon
4116|Jon Klassen
4122|Denis Leary
4123|Fran√ßoise Sagan
4136|Corban Addison
4140|John Steakley
4144|Ilon Wikland
7494|Jill M. Morgan
4146|Jacqueline Wilson
5835|Nick Sharratt
6544|Evan Wright
7918|Hope Jahren
4147|Patricia Gaffney
4152|Pramoedya Ananta Toer
4154|Christine Feehan
9076|Lorrie Moore
4155|Andrew Sinclair
4163|Kevin Wignall
4164|Cliff Chiang
6958|Tony Akins
8525|Dan Green
4166|Matthew Wilson
4169|Brittainy C. Cherry
4171|Ed Emberley
4173|Linda Lafferty
4174|Robert Harling
4176|David Axton
4177|Caralyn Buehner
5003|Mark Buehner
6347|Sidney Hook
6498|Jack Fruchtman Jr.
8771|David Farland
9496|Suzanne Rindell
4179|Alan Dean Foster
4183|Edward Gorey
4184|Cassie Dandridge Selleck
4186|Geoff Colvin
4187|George C. Perry
5570|Clive Barda
4189|Jane Rice
4191|Andrew Lloyd Webber
4196|Tami Hoag
4197|Martin Sixsmith
4202|Jim Benton
4205|Liz Murray
4206|Miranda Beverly-Whittemore
4211|John Gribbin
4212|David A. Vise
4213|Hans Fallada
7666|Michael Hofmann
4214|Geoff Wilkes
4750|Joseph L. Henderson
4217|Jolande Jacobi
4219|John Freeman
4221|Marie-Louise von Franz
4225|Steven Rowley
4227|Louise Doughty
5023|Stephanie Evanovich
4228|Eiji Yoshikawa
5752|Charles Terry
6606|Edwin O. Reischauer
7027|Matthew Lewis
4229|Lynda Mullaly Hunt
4232|Jim Cymbala
4238|Dean Merrill
4510|Mark Carwardine
5808|Lucy Knisley
5935|Lambert M. Surhone
5948|Arlette Elka√Øm-Sartre
7749|Annie Cohen-Solal
8801|Carol Macomber
4239|Scott Belsky
4244|Rachel Isadora
4245|Rory Stewart
5351|Sharon Guskin
6656|Rod Campbell
4248|Hannah Harrington
4252|Vaddey Ratner
6894|Jack Gantos
4254|Ralph Waldo Emerson
7193|Adele Faber
4256|Elaine Mazlish
4541|Kimberly Ann Coe
4258|Joseph Stein
4260|Jerry Bock
4261|Sheldon Harnick
5028|Daniel Suarez
6697|Katharine Graham
4262|Charlotte Hughes
4265|Anthony R. Ferris
4268|Rolf Potts
4863|Matthew Mather
6713|Nujood Ali
4270|Delphine Minoui
4271|Linda Coverdale
4272|David Auburn
4735|Dan Jurgens
4273|Jerry Ordway
4274|Louise Simonson
4277|Roger Stern
4284|Jon Bogdanove
9123|Tom Grummett
4285|Jackson Butch Guice
4288|Brett Breeding
5574|Rick Burchett
4291|Doug Hazlewood
4292|Dennis Janke
4893|Denis Rodier
6832|Steven Hall
4297|Sonali Deraniyagala
4300|Andrew Solomon
4301|Sara Zarr
4822|James Jones
4307|Michael Moore
4309|Gerda Weissmann Klein
4314|Elio M. Garc√≠a Jr.
4315|Linda Antonsson
8578|Nando Parrado
4318|Vince Rause
5085|Kimberly Brubaker Bradley
4321|ŸÖÿ±ÿ∂€åŸá Ÿàÿ±ÿ¥Ÿàÿ≥ÿßÿ≤
9287|Joachim Neugroschel
4322|Zo√´ Heller
4323|G.P. Ching
4328|Michael Morpurgo
4330|Rhys Bowen
6896|Bruce Degen
4331|Erich Segal
4332|Amin Maalouf
4333|Russell Harris
4335|NoViolet Bulawayo
4336|Marian Potter
4338|Scott Cunningham
9793|Cath Crowley
4341|John Steptoe
4342|Molly Wizenberg
5480|Martin E.P. Seligman
5673|John Lawrence Peterson
7534|Roberta Carter Clark
4344|Barbara Siebel Thomas
4346|James Alexander Thom
4347|Cristin Terrill
4348|Kimberly Rae Miller
4349|Kathleen Winsor
7211|Doug Stanton
4351|Yuna Kagesaki
4356|Patricia Polacco
4357|William Kennedy
4361|Paul Theroux
4364|Liz Moore
4366|Lloyd Jones
4367|Victoria Pearson
4368|John Patrick Shanley
7138|Laurie Fabiano
4370|S√∏ren Kierkegaard
4371|Alastair Hannay
4374|Wallace Tripp
4375|Thor Heyerdahl
4376|Nigel Calder
6625|Robert W. Lawson
7043|Anna Maxted
4381|Siobhan Vivian
4388|David James Duncan
4391|Shawn Achor
4394|Kathy Keller
4395|Philip Tan
4397|Janet Stevens
4398|Matthew J. Bruccoli
8736|Tyler Oakley
4399|Alessandra Torre
4404|Laurence Sterne
4407|Melvyn New
4410|Giles Andreae
4411|Guy Parker-Rees
4412|Emily M. Danforth
4415|Sue Klebold
4416|Peter Laslett
8966|Raymond Geuss
4418|David Arnold
4420|Barbara Claypole White
5080|Nick Cutter
5969|Stephen Tapscott
7733|Amy Bloom
8198|Georg Wilhelm Friedrich Hegel
8422|A.V. Miller
8898|John Niemeyer Findlay
4429|Sarah Mlynowski
4434|Julie Gregory
4435|Paulette Jiles
4438|Devdutt Pattanaik
6125|Anthony Hope
7366|J.P. Delaney
7874|Jim Butcher
4439|Mark Powers
4441|Ardian Syaf
5754|M.O. Walsh
4449|Dee Henderson
4451|Mika Waltari
4453|ÿ∞ÿ®€åÿ≠‚ÄåÿßŸÑŸÑŸá ŸÖŸÜÿµŸàÿ±€å
4455|Tayeb Salih
4462|Denys Johnson-Davies
4464|√âric-Emmanuel Schmitt
4465|Harold S. Kushner
4467|Philip G. Zimbardo
4469|Nancy Pickard
4473|Kim Stanley Robinson
4475|Rusty Young
4476|Thomas McFadden
4477|Fuyumi Soryo
4478|Alice Waters
4485|Michelle Richmond
4487|Marv Wolfman
4489|George P√©rez
4491|John Hodgman
4493|Patricia Crampton
4495|Tan Twan Eng
5353|Claudia Rankine
6991|Michael Azerrad
4499|Rosalind Miles
4501|Guy Delisle
4503|Courtney Maum
4504|Michael E. Porter
4508|Wayne A. Grudem
9841|Kristin Kimball
4509|Laura Ruby
4511|Marcus Samuelsson
4516|Stephanie Garber
4520|Cheryl Rainfield
4521|Jo Walton
4524|Garr Reynolds
4527|Tom Sniegoski
4528|Thomas E. Sniegoski
6914|Steve Hamaker
7047|Josh Kaufman
7123|Dorothea Benton Frank
8987|Scott Hawkins
4529|Joel Osteen
4533|Jennifer L. Holm
4535|Mary Beth Chapman
4536|Steven Curtis Chapman
8855|Karen V. Kukil
4537|Jill Conner Browne
4540|Debra Dean
5843|Ludwig Wittgenstein
4545|Spencer Quinn
4558|Caroline Knapp
6782|Mary Gordon
4561|Steven Callahan
4566|Howard Schultz
4567|Joanne Gordon
4575|Laurence Rees
4582|Slavomir Rawicz
4583|Durjoy Datta
4584|Maanvi Ahuja
4591|Jos√© Mauro de Vasconcelos
4592|ŸÇÿßÿ≥ŸÖ ÿµŸÜÿπŸà€å
4594|Ivan Doig
5869|Steve Martini
4597|Gloria Levine
4598|Jane Ray
4601|Jim Thompson
4602|Mary Elizabeth Braddon
4605|Jodi Lynn Anderson
4606|Amanda Foreman
8295|Jimmy Palmiotti
4610|Machado de Assis
4612|Robert Shea
4620|Robert Anton Wilson
4622|Jay Ryan
4628|Nancy Thayer
4629|Poppy Z. Brite
4634|Alan W. Watts
4635|Kathleen E. Woodiwiss
4639|Jamie McGuire
4642|Dorie Greenspan
4649|Alan Richardson
4655|Aya Nakahara
4657|Pookie Rolf
4663|Sharon Mazel
4664|Mark D. Widome
4666|Kristin Levine
4667|Phillip C. McGraw
8895|Andrew Stanton
4670|Herman Parish
4671|Lynn Sweat
4672|Eric Schmidt
4674|Jonathan Rosenberg
9505|Jos√© Maria de E√ßa de Queir√≥s
4676|Ester de Lemos
8263|Amy Gentry
4677|Miranda Hart
4679|Tim Hamilton
9066|Hiroshi Sakurazaka
9201|Ê°úÂùÇÊ¥ã
9342|Joseph Reeder
9491|Wanda G√°g
9817|Ella Carey
4683|Philip C. Stead
4964|Erin E. Stead
4684|Smith Henderson
4685|Erskine Caldwell
6447|Lewis Nordan
6954|Kate Summerscale
4688|Glenn Beck
9721|Sylvia Day
4691|Larry Bird
4692|Earvin Johnson
4693|Jackie MacMullan
4694|Cammie McGovern
4695|Susan Abulhawa
6101|Melissa Nathan
7723|Enid Blyton
4699|Misty Bernall
4701|Rita Golden Gelman
4702|Lauren Blakely
4706|Elizabeth Bard
4707|Michael Pietsch
4708|Confucius
4709|D.C. Lau
4711|Pamela Des Barres
7651|Dave Navarro
7842|Giuseppe Tomasi di Lampedusa
9191|Paul Jenkins
4714|Joe Quesada
4715|Bill Jemas
5059|John Sandford
9176|Sara Douglass
4716|ÿ≠ÿ≥ŸÜ ÿßŸÑÿ¨ŸÜÿØŸä
4719|Luke Rhinehart
4723|Eleanor Coerr
7716|Ronald Himler
4725|Ana√Øs Nin
4727|Vernor Vinge
4729|Stephen Lang
4731|ÿ∫ÿ≥ÿßŸÜ ŸÉŸÜŸÅÿßŸÜŸä
4733|Mark Mathabane
4734|Eug√®ne Vinaver
4736|ÿµŸÑÿßÿ≠ ÿ¨ÿßŸáŸäŸÜ
4743|Ÿäÿ≠ŸäŸâ ÿ≠ŸÇŸä
4744|Pierre A. Walker
4746|Nancy Reagin
4747|Masaru Emoto
4748|David A. Thayne
4752|Jason Mott
4755|Ramachandra Guha
4758|Ryan Holiday
4759|Kate Grenville
5108|Ben Carson
4763|Linda Williams
4765|Megan Lloyd
4767|R.C. Sproul
4769|Carole Radziwill
4772|Patricia Briggs
5313|Nancy E. Shaw
4780|Margot Apple
4784|Isai Kamen
4785|Bruno Ernst
4787|John E. Brigham
4792|Matsuri Hino
4793|Steve Perry
4796|Al Ries
4803|Jack Trout
4809|Hazel Gaynor
6786|Gary Keller
4810|Jay Papasan
6932|Sue Heap
4811|Alisa Kwitney
4812|Marc Guggenheim
4814|Alex Maleev
4823|Paul Pen
4824|Simon Bruni
4826|America's Test Kitchen
4931|Daniel J. Van Ackere
8757|Phaedra Patrick
9298|William Kamkwamba
4827|Bryan Mealer
4829|Paul O. Zelinsky
4831|Katherine Addison
4839|Adam Makos
6293|Larry Alexander
7566|Yoshitaka Amano
7610|John Cheever
7659|Neil Simon
7698|V.S. Ramachandran
8304|Sandra Blakeslee
9369|Drew Barrymore
4840|Mario Benedetti
4843|Tamara Ireland Stone
4848|James Andrew Miller
4850|Tom Shales
4852|Morten T. Hansen
4853|Mem Fox
4855|Jane Dyer
4865|Joel Holland
4866|R.S. Grey
4868|ÿπÿ≤ÿßŸÑÿØŸäŸÜ ÿ¥ŸÉÿ±Ÿä ŸÅÿ¥Ÿäÿ±
4869|Sara Quin
4870|Joan Bauer
4873|A.M. Homes
4874|Naomi Wolf
4875|Lane T. Dennis
4879|Mikl√≥s Nyiszli
4880|Tib√®re Kremer
4881|Bruno Bettelheim
4883|Richard Seaver
4885|Kathryn Jackson
6968|Byron Jackson
7469|Gustav Tenggren
4887|Robert Baldick
4890|Geoffrey Wall
4894|Mike Birbiglia
4898|Phil Robertson
4899|Mark Schlabach
4904|Raditya Dika
4906|Jonah Berger
4907|Terry McMillan
9307|Joe Navarro
4908|Marvin Karlins
4910|Stephen Sondheim
4930|Hugh Wheeler
4934|Christopher Godfrey Bond
4935|Sh≈´saku End≈ç
4936|William Johnston
6410|Bruce Springsteen
4938|Wednesday Martin
5157|Margot Lee Shetterly
4939|D. Ross Campbell
4940|Carl R. Rogers
4943|Masami Tsuda
4945|Darcy Lockman
4949|Jack Niida
4951|Howard Jacobson
4953|Iris Rainer Dart
4956|Maxwell Maltz
4958|Mary Lawson
4962|Leslie Marmon Silko
5828|Stephen Clarke
4963|Frantz Fanon
4967|Richard Philcox
4968|Homi K. Bhabha
4969|David Kopp
4971|Susan Massotty
7612|Lauren Henderson
4973|Chris Manby
4974|Jill A. Davis
4976|Stella Duffy
4978|Ad√®le Lang
9737|Carole Matthews
4981|Megan McCafferty
4982|Alisa Valdes
4983|Isabel Wolff
5678|Jessica Adams
4986|Louise Bagshawe
5966|Emily Barr
9057|Jenny Colgan
4987|Lynda Curnyn
4994|Nicola Ferguson
4999|David R. Gillham
5000|James D. Watson
5611|Jamie Oliver
6193|Shoichi Aoki
6203|Mark Sanders
5004|Shoich Aoki
5750|Arnold Lobel
7722|Mary Westmacott
7741|Debbie Macomber
8171|Fiona Carnarvon
8397|Bethany McLean
8715|Peter Elkind
5005|John Shors
5008|Brian Coffey
5009|Kurt Cobain
5012|Mary Downing Hahn
5019|Andrew Pepoy
5022|ŒëŒΩœÑŒ±ŒØŒøœÇ ŒßœÅœÖœÉŒøœÉœÑŒøŒºŒØŒ¥Œ∑œÇ
5027|ŒïŒªŒµœÖŒ∏ŒµœÅŒØŒ± ŒöŒøœàŒπŒ¥Œ¨
8000|Clifford D. Simak
5031|Henri J.M. Nouwen
5033|Charles Wheelan
7575|Laura Wiess
5035|Judith Krantz
5036|Sandra Dallas
5037|Janne Teller
8015|Martin Aitken
5038|A.N. Roquelaure
5046|Sarah Hepola
9967|Kelly Jones
5050|Daniel Vozzo
5051|Lee Loughridge
5053|Steve Oliff
7720|K≈çb≈ç Abe
5055|E. Dale Saunders
5056|Helen R. Lane
5062|James Hankins
8883|Amy Zhang
9358|Sheldon Vanauken
9805|Anna Jean Mayhew
5065|Kendra Elliot
8985|Tarryn Fisher
9915|Esther Earl
5066|Lori Earl
5068|Wayne Earl
5069|Pauline R√©age
5070|Sabine d'Estree
5071|Penelope Douglas
5079|Sean Patrick
5084|Alan Jay Lerner
5087|J.G. Jones
5088|Chris Claremont
5089|John Byrne
5090|Noam Chomsky
5091|Edward S. Herman
5094|Gerry Bothmer
5101|Horace Walpole
5102|Julia Pierpont
5110|Anne Sexton
5111|Maxine Kumin
7196|David Hackett Fischer
9580|Waris Dirie
5112|Cathleen Miller
5116|Tom Peters
5119|Robert H. Waterman Jr.
5125|Emily Raymond
5126|Bill Finger
7756|Gardner F. Fox
5127|Bob Kane
5130|Jerry Robinson
5140|Sheldon Moldoff
5143|Eric Blehm
6645|Bob E. Flick
7340|Jim Gallant
5145|Luciano Bianciardi
6891|Erica Jong
7886|Sarah Blakley-Cartwright
8154|David Leslie Johnson
8460|Rashmi Bansal
5150|Nickolas Butler
5911|Mireille Guiliano
6844|pleasefindthis
7449|Iain S. Thomas
7462|Jon Ellis
8305|Angela Elwell Hunt
9905|Tim Jonke
5152|Brent Curtis
5154|Charles Tomlinson
5155|Ali Smith
8789|Patricia Ingham
5161|Franklin Foer
5163|Fernando Pessoa
5177|Richard Zenith
5184|Geoff Johns
5192|Gary Frank
5202|Jon Sibal
5204|Brad Anderson
5464|Sam Lamott
5773|Manning Marable
7010|Marlo Morgan
7781|Bert Dodson
7813|Gene Ha
8077|Joshua Middleton
9741|I√±aki Miranda
5208|Marion Cunningham
5212|Fannie Merritt Farmer
5210|Archibald Candy Corporation
5213|ÿ®Ÿáÿßÿ° ÿ∑ÿßŸáÿ±
5225|Flann O'Brien
5226|Herg√©
5228|Leslie Lonsdale-Cooper
5230|Michael Turner
5234|Ottessa Moshfegh
5236|Nicholas Ganz
5237|Tristan Manco
5241|Ed Young
9941|Anita Amirrezvani
5244|Anne Rampling
5251|Mary-Jane Knight
5254|Robert Foster
5255|Lucinda Riley
5256|Cynthia Brantley Johnson
5259|Alyssa Harad
5268|Uwem Akpan
5269|Roland Smith
6567|John Van Fleet
6966|Jesse Delperdang
5273|Harold McGee
5275|Jodee Blanco
5276|Gemma Burgess
5279|Lama Surya Das
5280|Edie Claire
5283|Kim van Alkemade
5287|David Byrne
5291|Heather Burch
5293|Nicky Cruz
5294|Jamie Buckingham
8389|August Wilson
9533|Richard Wurmbrand
5296|Lynda Cohen Loigman
5310|Daniel Coyle
5315|John Farrell
5320|Elizabeth Little
6925|Carrie Anne Noble
5327|David Simon
5333|Connor Franta
5334|Rene Denfeld
5335|Katie Cotugno
5932|Adam Gopnik
9691|Ann M. Martin
5336|Tyler Hamilton
5339|Oliver Brock
5349|Samad Behrangi
5357|Robertson Davies
5358|Karen Tack
5363|Dick Riley
5364|Pam McAllister
5369|Bruce Cassiday
5373|Walter Lord
5374|Brady Udall
5376|Donald Ray Pollock
6751|Saroo Brierley
5377|Clare Naylor
5378|Mimi Hare
5379|Matthew Desmond
7930|Melissa Anelli
5384|Francisco X. Stork
5385|Tere Liye
5386|Jeffrey Brown
5387|Jill Alexander Essbaum
5388|Amanda Brown
7490|Gavin Menzies
8413|Hope Larson
8944|Madeleine L'Engle
5394|Liza Klaussmann
5593|G.E.M. Anscombe
5396|Scott Dikkers
5397|Maria Schneider
5398|John Krewson
5993|Robert Siegel
5399|Todd Hanson
5404|Carol Kolb
6633|Mike Loew
5405|Tim Harrod
5409|Will Durant
5413|Elaine Pagels
5416|American Psychiatric Association
5418|Black Elk
7754|John G. Neihardt
5420|Tom Standage
5421|Karen White
5424|Robert Hicks
5425|Randy Alcorn
5430|Yoko Tanaka
5432|ŸÖÿ≠ŸÖÿØ ÿßŸÑŸÖŸÜÿ≥Ÿä ŸÇŸÜÿØŸäŸÑ
5435|Mohamed Mansi Qandil
5436|ÿ≠ÿ≥ŸÜ ŸÉŸÖÿßŸÑ
5438|Dolen Perkins-Valdez
6632|Beth Moore
6860|John A. Byrne
5441|Mike Barnicle
5444|ÿÆÿßŸÑÿØ ÿßŸÑÿ®ÿßÿ™ŸÑŸä
7919|Anita Brookner
5447|Joe Sachs
5449|Emily Murdoch
5451|Cynthia Rylant
5953|Stephen Gammell
7484|Siri Hustvedt
7795|Ken Robinson
9033|Lou Aronica
5452|William C. Dietz
8429|Billy Collins
5453|Bob Mayer
5454|Apostolos Doxiadis
5471|Christos H. Papadimitriou
5476|Alecos Papadatos
5478|Annie Di Donna
5479|Laurent Binet
7102|Kate Andersen Brower
9508|Lori Nelson Spielman
5483|T.J. Reed
5484|Richard DiLallo
5487|Iris Murdoch
9865|Mary Kinzie
5492|L. Ron Hubbard
5493|Carol Burnett
5495|Samuel Shem
5496|Ay≈üe Kulin
5501|John W. Baker
5502|Keri Smith
5514|Edward E. Ericson Jr.
5520|Heinrich Harrer
5524|Larry Levin
5527|Rose Levy Beranbaum
5532|Maria Guarnaschelli
5537|Vincent Lee
6220|Manuela Paul
6620|Dean G. Bornstein
7480|George Lucas
5540|Sarah Turnbull
5543|Am√©lie Nothomb
5545|Christopher Chabris
5549|Daniel Simons
5550|Steve Toltz
5551|Ramit Sethi
5556|Ken Akamatsu
5560|William Arntz
5563|Betsy Chasse
5564|Mark Vicente
7162|Shirley Foster
7822|Sylvia Raphael
8067|Christopher Prendergast
5569|Marcella Hazan
5571|Karin Kretschmann
5573|Arnaldur Indri√∞ason
5575|Bernard Scudder
8177|Jess Rothenberg
9739|Leah Wilson
5577|Jennifer Lynn Barnes
5578|Mary Borsellino
5581|Terri Clark
5592|Bree Despain
5595|Adrienne Kress
5596|Sarah Darer Littman
5601|Cara Lockwood
5603|Elizabeth M. Rees
5604|Carrie Ryan
5606|Lili Wilkinson
5612|Blythe Woolston
5614|Maggie Nelson
5616|Jann S. Wenner
6234|Corey Seymour
7872|Dominic Smith
9129|Louise Jensen
5617|Margaret Leroy
5620|Thomas C. Foster
5623|Bruce Campbell
5626|Bettina Abarbanell
5627|Rolf Dobelli
5628|Ellen Stoll Walsh
5634|Ulrich Bischoff
5636|Charles Harrison
6388|Paul Wood
5637|Herv√© Tullet
5642|Christopher Franceschelli
6694|Alfred Tennyson
7007|Charles Keeping
5643|Douglas Smith
6469|Jamie Delano
5647|John Ridgway
5648|Alfredo Alcal√°
7458|Jane Lynch
5649|Lisa Dickey
5650|ÿ≥ŸÑÿ∑ÿßŸÜ ŸÖŸàÿ≥Ÿâ ÿßŸÑŸÖŸàÿ≥Ÿâ
5657|Raymond Briggs
5663|Lemony Snicket
5675|Roland Merullo
5679|Suetonius
5680|Michael Grant
5682|Ibraheem Abbas
5685|ÿ•ÿ®ÿ±ÿßŸáŸäŸÖ ÿπÿ®ÿßÿ≥
5687|Yasser Bahjatt
5690|Charlie LeDuff
5693|Mark Pearson
5697|Bernadette Rossetti-Shustak
5698|Caroline Jayne Church
5701|Jim Krueger
5703|Doug Braithwaite
7882|Scarlett Thomas
5706|Gary Gianni
5709|Daniel Wallace
5711|Lisa O'Donnell
5713|Tim Tebow
5717|Nathan Whitaker
5718|Patricia M. Scarry
5719|James Luceno
5723|Anderson Cooper
5727|Gloria Vanderbilt
5730|Ben H. Winters
5731|Sarah L. Delany
5737|A. Elizabeth Delany
5740|Amy Hill Hearth
7025|Peter Hedges
7684|√âmile Zola
8848|Sarah Pinborough
9117|Robert W. Chambers
9405|E.F. Bleiler
9430|Nathaniel Branden
9801|Susan Wilson
5745|Randy Susan Meyers
5747|Ruth Wariner
5751|Charles M. Schulz
5761|Adrian Nicole LeBlanc
5762|Victoria Helen Stone
5767|Sharon G. Flake
5772|Pascal Mercier
5777|Barbara Harshav
5778|Lucie Whitehouse
5779|The Waiter
5784|Steve Dublanica
5785|Breena Clarke
6354|Nancy Leigh DeMoss
5788|Joe Sacco
5789|Jean Stone
5792|Yangsze Choo
7022|Terry Brooks
7810|Karina Halle
5794|Twyla Tharp
5795|Mourid Barghouti
7354|ŸÖÿ±ŸäÿØ ÿßŸÑÿ®ÿ±ÿ∫Ÿàÿ´Ÿä
5796|Miles Davis
5798|Quincy Troupe
5802|Steven Tyler
5807|Josh Bazell
5809|William S. Baring-Gould
5816|Eric Hill
5819|Yasunari Kawabata
5820|Edward G. Seidensticker
5823|Dave Barry
5830|Ergin Altay
5831|Gary Brandner
5833|Ilana Tan
5840|Oprah Winfrey
5841|Mircea Eliade
5844|Christina McKenna
5845|Glen David Gold
5849|Georges Bataille
5852|Dovid Bergelson
5853|Robert Hass
5863|Randolph Hogan
5864|Christiane Northrup
5868|Lindsay Ashford
5870|Warren Ellis
5878|Andy Cohen
5879|Assata Shakur
5881|Angela Y. Davis
5893|Lennox S. Hinds
5897|Paul Galdone
5898|Peter Christen Asbj√∏rnsen
5906|Willow Aster
5910|Corina Bomann
8228|Alison Layland
8983|Edward M. Kennedy
5913|James Hilton
6643|Nella Larsen
7363|Thadious M. Davis
5915|Harry Bernstein
5919|Brenna Yovanoff
5922|Tony Hendra
5923|Homer Hickam
5924|Robin Norwood
5925|Perry Moore
8709|Alex Kotlowitz
9627|John D. Fitzgerald
5931|Sonya Sones
5933|Paula H. Deen
5937|J.S. Bernstein
5943|Nicholas Pileggi
5944|ÿπÿ®ÿßÿ≥ ŸÖÿπÿ±ŸàŸÅ€å
5950|Cynthia Swanson
5952|Anatoli Boukreev
6987|G. Weston DeWalt
5954|Louisa May Alcott
5958|Bart D. Ehrman
5964|Johanna Lindsey
5971|George Gordon Byron
5972|Peter J. Manning
5978|Susan J. Wolfson
5980|Anna Gavalda
5983|Peter Lynch
7602|John Rothchild
5986|Bertolt Brecht
5987|David Hare
5988|Jessica Day George
5991|Nic Pizzolatto
5992|Mac Barnett
5994|Justin Torres
5995|Edmund Spenser
5996|Thomas P. Roche
6000|C. Patrick O'Donnell
6003|Alissa Nutting
6012|Arthur Nersesian
6018|John O'Hara
6438|Janet Ahlberg
9024|Allan Ahlberg
6019|Gene Kim
6022|Kevin Behr
6024|George Spafford
7988|Brandon Stanton
8690|Tabitha King
6030|Erin Gruwell
6031|Zlata Filipoviƒá
6032|The Freedom Writers
6033|Fareed Zakaria
6034|Dinah Bucholz
7362|Bill Browder
6036|David Bach
6037|Cat Patrick
6038|Jill Leovy
6039|Terry Jones
6041|Paul Torday
6042|Trish Doller
6335|Glenn Greenwald
6045|Hafez
6048|John L. Parker Jr.
6054|William Boyd
6055|Nancy Farmer
7269|Belle Aurora
6060|David Lebovitz
6061|Ronald C. White Jr.
6064|Sylvan Barnet
6065|Alvin Kernan
6070|Russell Fraser
6071|Neal Shusterman
6072|Gayle Tzemach Lemmon
6074|Aaron Alexovich
7638|Larry Bond
7987|Patrick Larkin
8904|Josh Kilmer-Purcell
6077|Michael Herr
6082|Lorenzo Carcaterra
6083|Walter Benjamin
6144|Michael W. Jennings
6088|Brigid Doherty
6089|Edmund F.N. Jephcott
6090|Rodney Livingstone
6092|Howard Eiland
6094|Thomas Y. Levin
6095|Sarah Palin
6106|Dewey Whetsell
6112|Anne Byrn
6113|Anthony Loew
6114|Forrest Carter
6116|Richard Brautigan
6119|Ali Novak
6131|Fallzswimmer
7245|Crissy Calhoun
6132|David B.
6136|Tracy Letts
6139|Christopher Priest
6145|Donald McCaig
7782|Andrew Hunt
8892|Dave Thomas
9261|Richard Poe
6147|Pamela Rambo
6149|Clem Robins
6155|Diablo Cody
6156|ÿ£ŸÜŸäÿ≥ ŸÖŸÜÿµŸàÿ±
6157|Steven Spielberg
7715|Robert O'Keefe
7869|F. Murray Abraham
6160|Michael York
6161|Kate Nelligan
6166|David Purdham
6170|Audre Lorde
6171|Amy Waldman
6173|Ian McKellen
6177|Stephen Jones
6179|Kim Newman
6180|Brian Mooney
8873|Nicholas Royle
6184|David Langford
9645|Michael Marshall Smith
6186|Brian Lumley
6188|Basil Copper
8049|Jack Yeovil
9675|Guy N. Smith
9749|Adrian Cole
6191|D.F. Lewis
6192|David Sutton
6690|Nick Cave
9199|Donald Crews
6194|Kate Clifford Larson
6195|Jennifer Haigh
6196|Garth Risk Hallberg
6198|Eric Jerome Dickey
7294|Tom Brokaw
6202|John Searles
6204|Clint Hill
6206|Lisa McCubbin
8954|W.P. Kinsella
6213|Charles Martin
6215|Peter Jenkins
6217|Michael Patrick MacDonald
6225|William March
6229|Elaine Showalter
6230|Ira Wagler
6232|Steve Sheinkin
6238|Suketu Mehta
6249|Bob Grant
6250|Carolly Erickson
7963|Brian Kilmeade
9487|Don Yaeger
6255|Bjarne Hansen
6257|Federico Garc√≠a Lorca
6258|Antonio Sobejano-Moran
6259|Paola Bianco
7293|Lettie B. Cowman
8150|James Reimann
6262|Joshua Lewis
6265|Richard Paul Evans
6272|Jenna Jameson
6274|Katie MacAlister
6278|Rachel Joyce
6916|Lisa Gardner
6280|Mary Hoffman
6285|Caroline Binch
6287|Nancy Tillman
6288|Rachel Bertsche
6291|Fran√ßois Lelord
6294|Lorenza Garc√≠a
9154|Hanif Kureishi
6296|Alex Rosenberg
6297|Michael J. Sandel
6298|Leila Meacham
6302|Mordicai Gerstein
6305|Raymond Chandler
6307|Bob Gale
6310|Devin Grayson
6312|Dale Eaglesham
6315|Jeffrey D. Sachs
7232|Bono
6316|Esi Edugyan
6319|Katrina Kittle
6327|Robin Benway
6328|Victoria Jamieson
9196|Randall Wallace
6329|Andr√© Aciman
6331|Anne Michaels
6337|Richard Stearns
6345|Gary Ezzo
6348|ŸÜŸàÿ± ÿπÿ®ÿØÿßŸÑŸÖÿ¨ŸäÿØ
6349|Steve Coll
9082|E.C. Diskin
6351|Phyllis T. Smith
6355|Tad Carpenter
6363|Don Richardson
6366|Alfred Gough
6367|Miles Millar
6379|Dave McCaig
6382|Gerry Alanguilan
6384|Leinil Francis Yu
6639|Martha Weston
6390|Caroline Mustill
9478|Clifford Harper
6392|Geneen Roth
6393|William M. Hutchins
6394|Olive E. Kenny
6479|Frank Bettger
6623|Billy Crystal
6398|Erma Bombeck
6400|Rhonda Byrne
6401|Bill Hybels
6403|Lavonne Neff
6404|Teju Cole
6407|Al Mayton
6411|Ian McGuire
6414|David Baggett
6949|Shawn E. Klein
6419|Henry Marsh
6426|Katharine Hepburn
6427|Neil A. Fiore
6429|Joel C. Rosenberg
6430|Alice Miller
6432|Ruth Ward
6435|Dale Wasserman
6441|Austin Grossman
6442|Graham Swift
6445|Annette Lavers
6449|Malcolm Heath
6453|Melanie Gideon
6455|Colleen Oakley
6456|Margot Livesey
6457|Mary J. Gregor
6458|Christine M. Korsgaard
6461|Donna Russo Morin
6463|Erlend Loe
6466|Tor Ketil Solberg
6467|Meca Tanaka
6468|Áî∞‰∏≠„É°„Ç´
6473|Andy Andrews
6474|John Lanchester
6707|Jay Winik
6480|Julie Buxbaum
6481|HaveYouSeenThisGirL
6482|Jan Irene Villar
6483|Si Robertson
6485|James Lincoln Collier
6487|Christopher Collier
6491|Tom Holland
6505|Derf Backderf
6508|Cindy C. Bennett
6518|Dick King-Smith
6519|Maggie Kneen
6521|Jack McCallum
6522|David Maxfield
6524|Joel Fuhrman
6535|Sebastian Barry
7055|Greg Rucka
6541|Chelsea Fine
6543|Alex Marwood
6545|John Brunner
6546|Gwen Cooper
6547|Gardner R. Dozois
6548|Matthew Hughes
6553|Michael Swanwick
6557|David Ball
6559|Scott Lynch
6879|Bradley Denton
6565|Cherie Priest
6570|Paul Cornell
6572|Steven Saylor
8697|Garth Nix
6573|Walter Jon Williams
6574|Phyllis Eisenstein
6579|Lisa Tuttle
7708|Connie Willis
9170|Tijan
6583|Mason Currey
6586|Kevin Malarkey
6591|Alex Malarkey
8410|Sarra Manning
6592|Juan Gabriel V√°squez
6594|Terry Bisson
6595|Neil Postman
6599|Andrew Postman
6600|Lynley Dodd
6603|Pattie Boyd
6605|Penny Junor
6607|Ann Hood
6609|Bob Spitz
6612|Greg Pak
6613|Aaron Lopresti
6615|Carlo Pagulayan
6617|Juan Santacruz
7727|Takeshi Miyazawa
6621|David Starkey
6622|Lindsey Kelk
6626|Norman Page
6629|Virginia M. Axline
6630|Steve Lieber
6636|Jesse Hamm
6637|Annie Wu
6644|Barbara Ann Brennan
6647|Jos. A. Smith
6648|Bohumil Hrabal
6654|Brett Helquist
6659|Kristan Higgins
6662|Mark Bagley
6663|Chris Crutcher
6664|R.D. Blackmore
9540|Michelle Allen
6670|Stacy King
6674|SunNeko Lee
6676|Crystal S. Chan
6677|S.A.R.K.
6682|Melissa Senate
6688|Cynthia Hand
6693|Audrey Geisel
6699|ÿπŸÖÿ± ÿ∑ÿßŸáÿ±
6702|Helen Fielding
6704|Ry≈´ Murakami
6705|Ralph McCarthy
8043|Jason Matthews
8436|Ben Macintyre
6708|Dick Winters
6712|Cole C. Kingseed
6718|Richard Siken
6719|Yotam Ottolenghi
6723|Morton Rhue
6725|Todd Strasser
6726|Fran√ßois Rabelais
6729|M.A. Screech
6730|Hajime Isayama
6736|Hikaru Suruga
6745|Gan Sunaaku
6746|Thomas Frank
6753|ÿπŸÖÿ±Ÿà ÿ≥ŸÑÿßŸÖÿ©
6764|Ruth Krauss
6769|Josh Hamilton
6770|Kevin Hawkes
6772|Guy Debord
6776|Donald Nicholson-Smith
6777|Robert Leckie
6784|Angie Thomas
6785|ŸÖÿµÿ∑ŸÅŸâ ÿ•ÿ®ÿ±ÿßŸáŸäŸÖ
6788|S.H. Kolee
6789|Marshall McLuhan
6791|Quentin Fiore
7140|Jerome Agel
6794|Cynthia Bond
6859|Thomas Merton
8607|Robert Giroux
6798|William H. Shannon
6799|M√©lanie Watt
6804|Paul Neilan
6809|Lawrence Kasdan
7424|Michael Arndt
8092|Lauren Conrad
6810|Robert C. O'Brien
6813|Curt Swan
6817|Kurt Schaffenberger
6819|Scott Anderson
6820|Peter Norberg
6824|Cynthia J. McGean
6825|Robert Andrew Parker
6829|Jacqueline Briggs Martin
6837|Mary Azarian
6839|Jenny O'Connell
6841|Elizabeth Bishop
6850|Thomas Wolfe
6853|William McDonough
6856|Michael Braungart
6863|Marc Weissbluth
6865|Monty Roberts
6867|Lawrence Scanlan
6868|Michael Baigent
6869|Richard Leigh
6875|Henry Lincoln
6877|ŸÖÿ≠ŸÖÿØÿµÿßÿØŸÇ ÿ±ÿ¶€åÿ≥€å
8361|Henning Mankell
6880|Laurie Thompson
6881|Kate Hamer
8780|Robert Cormier
6882|Eldridge Cleaver
6883|Edwin M. Curley
6884|Stuart Hampshire
6885|Edwin Curley
6888|Jessi Klein
7466|Jane Shemilt
6890|Darwyn Cooke
6893|Christian Rudder
6902|Donald J. Trump
6905|Tony Schwartz
6913|Alex Lake
6919|Arianna Huffington
7186|ÿ™ÿßŸÖÿ± ÿ•ÿ®ÿ±ÿßŸáŸäŸÖ
9550|Terry Goodkind
6921|James Agee
6922|Andrea Kettenmann
6924|Michael D. Watkins
8165|Claudia Gray
6927|Jean Lee Latham
9812|AnnaLisa Grant
6928|Margaret Edson
6929|The Harvard Lampoon
6935|Stephen Davis
6937|C.J. Sansom
6938|K√§the Mazur
9352|Adolfo Bioy Casares
6939|Suzanne Jill Levine
6945|Ruth L.C. Simms
6946|Norah Borges de Torre
7414|Leslie Jamison
8900|Bisco Hatori
6947|Henry Hazlitt
6951|Julia Claiborne Johnson
6963|H√©ctor Tobar
6964|Francis A. Schaeffer
6965|Robert Coles
6971|George Ford
6976|Patricia Harman
6977|Patty Lovell
6978|David Catrow
6980|Nick Flynn
6984|Richard Llewellyn
6986|Carol Lynch Williams
6989|Jim Loehr
6995|Edward Gibbon
6998|Daniel J. Boorstin
6999|Gian Battista Piranesi
7000|Hans-Friedrich Mueller
7001|Donald Hall
7004|Jeff Lemire
7009|Jos√© Villarrubia
7014|Carlos M. Mangual
7018|Hugh Howey
7019|Rafael Sabatini
7024|Adi Granov
7026|Les Edwards
7028|Hiro Fujiwara
7029|Richard S. Kennedy
8548|Mathias Malzieu
7031|Laura McBride
7032|Amanda Berry
7034|Gina DeJesus
7038|Mary Jordan
7039|Kevin Sullivan
7045|Elisabeth Egan
9881|Lucy Sykes
7046|Jo Piazza
7049|Loek Koopmans
7052|Charles Perrault
7060|Liesl Shurtliff
9815|Elyn R. Saks
7063|Natasha Friend
7064|Richard Henry Dana Jr.
7066|Amy Brown
7771|Charles de Lint
7068|Martin Waddell
7071|Patrick Benson
7072|Angela Flournoy
7073|Samantha Towle
7075|Ted Andrews
7077|Winston Allen
7078|Margaret K. Andrews
7079|Stephanie Kallos
7563|Babe Walker
8625|Mark Adams
7080|Andrew Smith
7082|Andrew Adamson
7083|Jean Anouilh
7086|Barbara Taylor Sissel
7095|Judith Kerr
7096|Suki Kim
7098|Nick Bruel
7106|Alex Flinn
7108|Joyce Johnson
7111|ÿ≥Ÿáÿ±ÿßÿ® ÿ≥ŸæŸáÿ±€å
7115|Eva Ibbotson
7126|W.G. Sebald
7129|Laura Barnett
7130|Johanna Edwards
7131|Lauren Morrill
7135|Scott Westerfeld
7141|Charlie Lovett
7142|Aleksandr Griboyedov
7146|–ê–ª–µ–∫—Å–∞–Ω–¥—Ä –°–µ—Ä–≥–µ–µ–≤–∏—á –ì—Ä–∏–±–æ–µ–¥–æ–≤
7147|Howard Dully
7151|Charles Fleming
7154|Karen Harper
7161|Jos√© Emilio Pacheco
7166|Emery Lord
7169|Alice LaPlante
7172|Angela Duckworth
7173|Dan Abnett
7176|Max Frisch
7181|Alex Gino
8059|Ellen Levine
7182|Kadir Nelson
7187|Tillie Cole
7189|Barthe DeClements
7191|Lawrence Ferlinghetti
7198|Christopher Buckley
7199|Shauna Niequist
7200|Sally Fallon Morell
7204|Abigail Haas
7205|Abby McDonald
7210|Malvina G. Vogel
7215|Adam M. Grant
7216|Grady Hendrix
7220|Michael Rogalski
7228|Alexandra Horowitz
7229|Hugh Ambrose
7231|Terry Ryan
7233|Inga Muscio
7234|Betty Dodson
7237|Maria Augusta von Trapp
7239|Giulia Enders
7241|Jill Enders
8763|John M. Gottman
7242|Nan Silver
7249|Yukio Mishima
7256|John Nathan
7259|Deeanne Gist
7262|Kazue Kato
7266|Peter Matthiessen
7270|Terri Blackstock
7271|John Rawls
7273|Oscar Hijuelos
7275|Ben Okri
7284|Ian Mortimer
8100|Peggy Orenstein
8298|John Keegan